<?xml version="1.0" encoding="UTF-8"?>
<metadata xml:lang="nb"><Esri><CreaDate>20170906</CreaDate><CreaTime>12494800</CreaTime><ArcGISFormat>1.0</ArcGISFormat><SyncOnce>FALSE</SyncOnce><DataProperties><lineage><Process ToolSource="C:\Programfiler\ArcGIS\Desktop10.0\ArcToolbox\Toolboxes\Data Management Tools.tbx\ChangePrivileges" Date="20120419" Time="095748">ChangePrivileges 'Database Connections\VANN@INNSYN.sde\VANN.HYDRA_FeltTotalMstaF_2012';'Database Connections\VANN@INNSYN.sde\VANN.HYDRA_FeltMalestaF_2012' gis GRANT #</Process><Process ToolSource="c:\programfiler\arcgis\desktop10.0\ArcToolbox\Toolboxes\Data Management Tools.tbx\DeleteFeatures" Date="20120425" Time="172149">DeleteFeatures "Database Connections\VANN@INNSYN.sde\VANN.HYDRA_FeltTotalMstaF_2012"</Process><Process ToolSource="c:\programfiler\arcgis\desktop10.0\ArcToolbox\Toolboxes\Conversion Tools.tbx\FeatureClassToFeatureClass" Date="20120717" Time="142040">FeatureClassToFeatureClass "Database Connections\VANN@INNSYN.sde\VANN.HYDRA_FeltTotalMstaF_2012" "Database Connections\VANN@INNSYN.sde\VANN.Hydrologi_INNSYN" Felttot # "FELTNR "FELTNR" true true false 4 Long 0 10 ,First,#,Database Connections\VANN@INNSYN.sde\VANN.HYDRA_FeltTotalMstaF_2012,FELTNR,-1,-1;COMPOUND_K "COMPOUND_K" true true false 12 Text 0 0 ,First,#,Database Connections\VANN@INNSYN.sde\VANN.HYDRA_FeltTotalMstaF_2012,COMPOUND_K,-1,-1;STASJON_NR "STASJON_NR" true true false 12 Text 0 0 ,First,#,Database Connections\VANN@INNSYN.sde\VANN.HYDRA_FeltTotalMstaF_2012,STASJON_NR,-1,-1;ST_NAVN "ST_NAVN" true true false 40 Text 0 0 ,First,#,Database Connections\VANN@INNSYN.sde\VANN.HYDRA_FeltTotalMstaF_2012,ST_NAVN,-1,-1;AREAL_KM2 "AREAL_KM2" true true false 8 Double 2 8 ,First,#,Database Connections\VANN@INNSYN.sde\VANN.HYDRA_FeltTotalMstaF_2012,AREAL_KM2,-1,-1;AARTILSIG "AARTILSIG" true true false 8 Double 2 8 ,First,#,Database Connections\VANN@INNSYN.sde\VANN.HYDRA_FeltTotalMstaF_2012,AARTILSIG,-1,-1;MM_AAR "MM_AAR" true true false 8 Double 2 8 ,First,#,Database Connections\VANN@INNSYN.sde\VANN.HYDRA_FeltTotalMstaF_2012,MM_AAR,-1,-1;AVR_6190 "AVR_6190" true true false 8 Double 2 8 ,First,#,Database Connections\VANN@INNSYN.sde\VANN.HYDRA_FeltTotalMstaF_2012,AVR_6190,-1,-1;MIDTILSIG "MIDTILSIG" true true false 8 Double 2 8 ,First,#,Database Connections\VANN@INNSYN.sde\VANN.HYDRA_FeltTotalMstaF_2012,MIDTILSIG,-1,-1;SHAPE_AREA "SHAPE_AREA" false false true 0 Double 0 0 ,First,#,Database Connections\VANN@INNSYN.sde\VANN.HYDRA_FeltTotalMstaF_2012,SHAPE.AREA,-1,-1;SHAPE_LEN "SHAPE_LEN" false false true 0 Double 0 0 ,First,#,Database Connections\VANN@INNSYN.sde\VANN.HYDRA_FeltTotalMstaF_2012,SHAPE.LEN,-1,-1" ST_GEOMETRY</Process><Process ToolSource="C:\Programfiler\ArcGIS\Desktop10.0\ArcToolbox\Toolboxes\Data Management Tools.tbx\DeleteFeatures" Date="20120823" Time="145934">DeleteFeatures "Database Connections\VANN@INNSYN.sde\VANN.Hydrologi_INNSYN\VANN.HYDRA_FeltTotalMstaF"</Process><Process ToolSource="C:\Programfiler\ArcGIS\Desktop10.0\ArcToolbox\Toolboxes\Data Management Tools.tbx\Append" Date="20120823" Time="150013">Append fcFgdb_FeltTotalMstaF_Layer1 "Database Connections\VANN@INNSYN.sde\VANN.Hydrologi_INNSYN\VANN.HYDRA_FeltTotalMstaF" NO_TEST "FELTNR "FELTNR" true true false 4 Long 0 10 ,First,#,V:\ArcSDEvedlhold\Hydro2_data\Database\INNSYN_Hydrologi.gdb\HYDRA_FeltTotalMstaF,FELTNR,-1,-1;COMPOUND_K "COMPOUND_K" true true false 12 Text 0 0 ,First,#,V:\ArcSDEvedlhold\Hydro2_data\Database\INNSYN_Hydrologi.gdb\HYDRA_FeltTotalMstaF,COMPOUND_K,-1,-1;STASJON_NR "STASJON_NR" true true false 12 Text 0 0 ,First,#,V:\ArcSDEvedlhold\Hydro2_data\Database\INNSYN_Hydrologi.gdb\HYDRA_FeltTotalMstaF,STASJON_NR,-1,-1;ST_NAVN "ST_NAVN" true true false 40 Text 0 0 ,First,#,V:\ArcSDEvedlhold\Hydro2_data\Database\INNSYN_Hydrologi.gdb\HYDRA_FeltTotalMstaF,ST_NAVN,-1,-1;AREAL_KM2 "AREAL_KM2" true true false 8 Double 2 8 ,First,#,V:\ArcSDEvedlhold\Hydro2_data\Database\INNSYN_Hydrologi.gdb\HYDRA_FeltTotalMstaF,AREAL_KM2,-1,-1;AARTILSIG "AARTILSIG" true true false 8 Double 2 8 ,First,#,V:\ArcSDEvedlhold\Hydro2_data\Database\INNSYN_Hydrologi.gdb\HYDRA_FeltTotalMstaF,AARTILSIG,-1,-1;MM_AAR "MM_AAR" true true false 8 Double 2 8 ,First,#,V:\ArcSDEvedlhold\Hydro2_data\Database\INNSYN_Hydrologi.gdb\HYDRA_FeltTotalMstaF,MM_AAR,-1,-1;AVR_6190 "AVR_6190" true true false 8 Double 2 8 ,First,#,V:\ArcSDEvedlhold\Hydro2_data\Database\INNSYN_Hydrologi.gdb\HYDRA_FeltTotalMstaF,AVR_6190,-1,-1;MIDTILSIG "MIDTILSIG" true true false 8 Double 2 8 ,First,#,V:\ArcSDEvedlhold\Hydro2_data\Database\INNSYN_Hydrologi.gdb\HYDRA_FeltTotalMstaF,MIDTILSIG,-1,-1;SHAPE.AREA "SHAPE.AREA" false false true 0 Double 0 0 ,First,#;SHAPE.LEN "SHAPE.LEN" false false true 0 Double 0 0 ,First,#" #</Process><Process ToolSource="C:\Programfiler\ArcGIS\Desktop10.0\ArcToolbox\Toolboxes\Data Management Tools.tbx\DeleteFeatures" Date="20120823" Time="152147">DeleteFeatures "Database Connections\VANN@INNSYN.sde\VANN.Hydrologi_INNSYN\VANN.HYDRA_FeltTotalMstaF"</Process><Process ToolSource="C:\Programfiler\ArcGIS\Desktop10.0\ArcToolbox\Toolboxes\Data Management Tools.tbx\Append" Date="20120823" Time="152215">Append fcFgdb_FeltTotalMstaF_Layer1 "Database Connections\VANN@INNSYN.sde\VANN.Hydrologi_INNSYN\VANN.HYDRA_FeltTotalMstaF" NO_TEST "FELTNR "FELTNR" true true false 4 Long 0 10 ,First,#,V:\ArcSDEvedlhold\Hydro2_data\Database\INNSYN_Hydrologi.gdb\HYDRA_FeltTotalMstaF,FELTNR,-1,-1;COMPOUND_K "COMPOUND_K" true true false 12 Text 0 0 ,First,#,V:\ArcSDEvedlhold\Hydro2_data\Database\INNSYN_Hydrologi.gdb\HYDRA_FeltTotalMstaF,COMPOUND_K,-1,-1;STASJON_NR "STASJON_NR" true true false 12 Text 0 0 ,First,#,V:\ArcSDEvedlhold\Hydro2_data\Database\INNSYN_Hydrologi.gdb\HYDRA_FeltTotalMstaF,STASJON_NR,-1,-1;ST_NAVN "ST_NAVN" true true false 40 Text 0 0 ,First,#,V:\ArcSDEvedlhold\Hydro2_data\Database\INNSYN_Hydrologi.gdb\HYDRA_FeltTotalMstaF,ST_NAVN,-1,-1;AREAL_KM2 "AREAL_KM2" true true false 8 Double 2 8 ,First,#,V:\ArcSDEvedlhold\Hydro2_data\Database\INNSYN_Hydrologi.gdb\HYDRA_FeltTotalMstaF,AREAL_KM2,-1,-1;AARTILSIG "AARTILSIG" true true false 8 Double 2 8 ,First,#,V:\ArcSDEvedlhold\Hydro2_data\Database\INNSYN_Hydrologi.gdb\HYDRA_FeltTotalMstaF,AARTILSIG,-1,-1;MM_AAR "MM_AAR" true true false 8 Double 2 8 ,First,#,V:\ArcSDEvedlhold\Hydro2_data\Database\INNSYN_Hydrologi.gdb\HYDRA_FeltTotalMstaF,MM_AAR,-1,-1;AVR_6190 "AVR_6190" true true false 8 Double 2 8 ,First,#,V:\ArcSDEvedlhold\Hydro2_data\Database\INNSYN_Hydrologi.gdb\HYDRA_FeltTotalMstaF,AVR_6190,-1,-1;MIDTILSIG "MIDTILSIG" true true false 8 Double 2 8 ,First,#,V:\ArcSDEvedlhold\Hydro2_data\Database\INNSYN_Hydrologi.gdb\HYDRA_FeltTotalMstaF,MIDTILSIG,-1,-1;SHAPE.AREA "SHAPE.AREA" false false true 0 Double 0 0 ,First,#;SHAPE.LEN "SHAPE.LEN" false false true 0 Double 0 0 ,First,#" #</Process><Process ToolSource="C:\Programfiler\ArcGIS\Desktop10.0\ArcToolbox\Toolboxes\Data Management Tools.tbx\DeleteFeatures" Date="20120824" Time="160327">DeleteFeatures "Database Connections\VANN@INNSYN.sde\VANN.Hydrologi_INNSYN\VANN.HYDRA_FeltTotalMstaF"</Process><Process ToolSource="C:\Programfiler\ArcGIS\Desktop10.0\ArcToolbox\Toolboxes\Data Management Tools.tbx\Append" Date="20120824" Time="160404">Append fcFgdb_FeltTotalMstaF_Layer1 "Database Connections\VANN@INNSYN.sde\VANN.Hydrologi_INNSYN\VANN.HYDRA_FeltTotalMstaF" NO_TEST "FELTNR "FELTNR" true true false 4 Long 0 10 ,First,#,V:\ArcSDEvedlhold\Hydro2_data\Database\INNSYN_Hydrologi.gdb\HYDRA_FeltTotalMstaF,FELTNR,-1,-1;COMPOUND_K "COMPOUND_K" true true false 12 Text 0 0 ,First,#,V:\ArcSDEvedlhold\Hydro2_data\Database\INNSYN_Hydrologi.gdb\HYDRA_FeltTotalMstaF,COMPOUND_K,-1,-1;STASJON_NR "STASJON_NR" true true false 12 Text 0 0 ,First,#,V:\ArcSDEvedlhold\Hydro2_data\Database\INNSYN_Hydrologi.gdb\HYDRA_FeltTotalMstaF,STASJON_NR,-1,-1;ST_NAVN "ST_NAVN" true true false 40 Text 0 0 ,First,#,V:\ArcSDEvedlhold\Hydro2_data\Database\INNSYN_Hydrologi.gdb\HYDRA_FeltTotalMstaF,ST_NAVN,-1,-1;AREAL_KM2 "AREAL_KM2" true true false 8 Double 2 8 ,First,#,V:\ArcSDEvedlhold\Hydro2_data\Database\INNSYN_Hydrologi.gdb\HYDRA_FeltTotalMstaF,AREAL_KM2,-1,-1;AARTILSIG "AARTILSIG" true true false 8 Double 2 8 ,First,#,V:\ArcSDEvedlhold\Hydro2_data\Database\INNSYN_Hydrologi.gdb\HYDRA_FeltTotalMstaF,AARTILSIG,-1,-1;MM_AAR "MM_AAR" true true false 8 Double 2 8 ,First,#,V:\ArcSDEvedlhold\Hydro2_data\Database\INNSYN_Hydrologi.gdb\HYDRA_FeltTotalMstaF,MM_AAR,-1,-1;AVR_6190 "AVR_6190" true true false 8 Double 2 8 ,First,#,V:\ArcSDEvedlhold\Hydro2_data\Database\INNSYN_Hydrologi.gdb\HYDRA_FeltTotalMstaF,AVR_6190,-1,-1;MIDTILSIG "MIDTILSIG" true true false 8 Double 2 8 ,First,#,V:\ArcSDEvedlhold\Hydro2_data\Database\INNSYN_Hydrologi.gdb\HYDRA_FeltTotalMstaF,MIDTILSIG,-1,-1;SHAPE.AREA "SHAPE.AREA" false false true 0 Double 0 0 ,First,#;SHAPE.LEN "SHAPE.LEN" false false true 0 Double 0 0 ,First,#" #</Process><Process ToolSource="C:\Programfiler\ArcGIS\Desktop10.0\ArcToolbox\Toolboxes\Data Management Tools.tbx\DeleteFeatures" Date="20120824" Time="161500">DeleteFeatures "Database Connections\VANN@INNSYN.sde\VANN.Hydrologi_INNSYN\VANN.HYDRA_FeltTotalMstaF"</Process><Process ToolSource="C:\Programfiler\ArcGIS\Desktop10.0\ArcToolbox\Toolboxes\Data Management Tools.tbx\Append" Date="20120824" Time="161537">Append fcFgdb_FeltTotalMstaF_Layer1 "Database Connections\VANN@INNSYN.sde\VANN.Hydrologi_INNSYN\VANN.HYDRA_FeltTotalMstaF" NO_TEST "FELTNR "FELTNR" true true false 4 Long 0 10 ,First,#,V:\ArcSDEvedlhold\Hydro2_data\Database\INNSYN_Hydrologi.gdb\HYDRA_FeltTotalMstaF,FELTNR,-1,-1;COMPOUND_K "COMPOUND_K" true true false 12 Text 0 0 ,First,#,V:\ArcSDEvedlhold\Hydro2_data\Database\INNSYN_Hydrologi.gdb\HYDRA_FeltTotalMstaF,COMPOUND_K,-1,-1;STASJON_NR "STASJON_NR" true true false 12 Text 0 0 ,First,#,V:\ArcSDEvedlhold\Hydro2_data\Database\INNSYN_Hydrologi.gdb\HYDRA_FeltTotalMstaF,STASJON_NR,-1,-1;ST_NAVN "ST_NAVN" true true false 40 Text 0 0 ,First,#,V:\ArcSDEvedlhold\Hydro2_data\Database\INNSYN_Hydrologi.gdb\HYDRA_FeltTotalMstaF,ST_NAVN,-1,-1;AREAL_KM2 "AREAL_KM2" true true false 8 Double 2 8 ,First,#,V:\ArcSDEvedlhold\Hydro2_data\Database\INNSYN_Hydrologi.gdb\HYDRA_FeltTotalMstaF,AREAL_KM2,-1,-1;AARTILSIG "AARTILSIG" true true false 8 Double 2 8 ,First,#,V:\ArcSDEvedlhold\Hydro2_data\Database\INNSYN_Hydrologi.gdb\HYDRA_FeltTotalMstaF,AARTILSIG,-1,-1;MM_AAR "MM_AAR" true true false 8 Double 2 8 ,First,#,V:\ArcSDEvedlhold\Hydro2_data\Database\INNSYN_Hydrologi.gdb\HYDRA_FeltTotalMstaF,MM_AAR,-1,-1;AVR_6190 "AVR_6190" true true false 8 Double 2 8 ,First,#,V:\ArcSDEvedlhold\Hydro2_data\Database\INNSYN_Hydrologi.gdb\HYDRA_FeltTotalMstaF,AVR_6190,-1,-1;MIDTILSIG "MIDTILSIG" true true false 8 Double 2 8 ,First,#,V:\ArcSDEvedlhold\Hydro2_data\Database\INNSYN_Hydrologi.gdb\HYDRA_FeltTotalMstaF,MIDTILSIG,-1,-1;SHAPE.AREA "SHAPE.AREA" false false true 0 Double 0 0 ,First,#;SHAPE.LEN "SHAPE.LEN" false false true 0 Double 0 0 ,First,#" #</Process><Process ToolSource="c:\programfiler\arcgis\desktop10.0\ArcToolbox\Toolboxes\Data Management Tools.tbx\DeleteFeatures" Date="20121211" Time="144510">DeleteFeatures "Database Connections\VANN@INNSYN.sde\VANN.Hydrologi_INNSYN\VANN.HYDRA_FeltTotalMstaF"</Process><Process ToolSource="c:\programfiler\arcgis\desktop10.0\ArcToolbox\Toolboxes\Data Management Tools.tbx\DeleteFeatures" Date="20121212" Time="125959">DeleteFeatures "Database Connections\VANN@INNSYN.sde\VANN.Hydrologi_INNSYN\VANN.HYDRA_FeltTotalMstaF"</Process><Process ToolSource="c:\programfiler\arcgis\desktop10.0\ArcToolbox\Toolboxes\Data Management Tools.tbx\DeleteFeatures" Date="20121213" Time="103816">DeleteFeatures "Database Connections\VANN@INNSYN.sde\VANN.Hydrologi_INNSYN\VANN.HYDRA_FeltTotalMstaF"</Process><Process ToolSource="c:\programfiler\arcgis\desktop10.0\ArcToolbox\Toolboxes\Data Management Tools.tbx\DeleteFeatures" Date="20130122" Time="083125">DeleteFeatures "Database Connections\VANN@INNSYN.sde\VANN.Hydrologi_INNSYN\VANN.HYDRA_FeltTotalMstaF"</Process><Process ToolSource="c:\programfiler\arcgis\desktop10.0\ArcToolbox\Toolboxes\Data Management Tools.tbx\DeleteFeatures" Date="20130205" Time="124711">DeleteFeatures "Database Connections\VANN@INNSYN.sde\VANN.Hydrologi_INNSYN\VANN.HYDRA_FeltTotalMstaF"</Process><Process ToolSource="c:\programfiler\arcgis\desktop10.0\ArcToolbox\Toolboxes\Data Management Tools.tbx\DeleteFeatures" Date="20130206" Time="153119">DeleteFeatures "Database Connections\VANN@INNSYN.sde\VANN.Hydrologi_INNSYN\VANN.HYDRA_FeltTotalMstaF"</Process><Process ToolSource="c:\programfiler\arcgis\desktop10.0\ArcToolbox\Toolboxes\Data Management Tools.tbx\DeleteFeatures" Date="20130219" Time="093250">DeleteFeatures "Database Connections\VANN@INNSYN.sde\VANN.Hydrologi_INNSYN\VANN.HYDRA_FeltTotalMstaF"</Process><Process ToolSource="c:\programfiler\arcgis\desktop10.0\ArcToolbox\Toolboxes\Data Management Tools.tbx\DeleteFeatures" Date="20130227" Time="145732">DeleteFeatures "Database Connections\VANN@INNSYN.sde\VANN.Hydrologi_INNSYN\VANN.HYDRA_FeltTotalMstaF"</Process><Process ToolSource="c:\programfiler\arcgis\desktop10.0\ArcToolbox\Toolboxes\Data Management Tools.tbx\DeleteFeatures" Date="20130308" Time="132639">DeleteFeatures "Database Connections\VANN@INNSYN.sde\VANN.Hydrologi_INNSYN\VANN.HYDRA_FeltTotalMstaF"</Process><Process ToolSource="c:\programfiler\arcgis\desktop10.0\ArcToolbox\Toolboxes\Data Management Tools.tbx\DeleteFeatures" Date="20130308" Time="133337">DeleteFeatures "Database Connections\VANN@INNSYN.sde\VANN.Hydrologi_INNSYN\VANN.HYDRA_FeltTotalMstaF"</Process><Process ToolSource="c:\programfiler\arcgis\desktop10.0\ArcToolbox\Toolboxes\Data Management Tools.tbx\DeleteFeatures" Date="20130314" Time="110504">DeleteFeatures "Database Connections\VANN@INNSYN.sde\VANN.Hydrologi_INNSYN\VANN.HYDRA_FeltTotalMstaF"</Process><Process ToolSource="c:\programfiler\arcgis\desktop10.0\ArcToolbox\Toolboxes\Data Management Tools.tbx\Append" Date="20130314" Time="111506">Append V:\ArcSDEvedlhold\Hydro2_data\Database\INNSYN_Hydrologi.gdb\HYDRA_FeltTotalMstaF "Database Connections\VANN@INNSYN.sde\VANN.Hydrologi_INNSYN\VANN.HYDRA_FeltTotalMstaF" NO_TEST "FELTNR "FELTNR" true true false 4 Long 0 10 ,First,#,V:\ArcSDEvedlhold\Hydro2_data\Database\INNSYN_Hydrologi.gdb\HYDRA_FeltTotalMstaF,FELTNR,-1,-1;COMPOUND_K "COMPOUND_K" true true false 12 Text 0 0 ,First,#,V:\ArcSDEvedlhold\Hydro2_data\Database\INNSYN_Hydrologi.gdb\HYDRA_FeltTotalMstaF,COMPOUND_K,-1,-1;STASJON_NR "STASJON_NR" true true false 12 Text 0 0 ,First,#,V:\ArcSDEvedlhold\Hydro2_data\Database\INNSYN_Hydrologi.gdb\HYDRA_FeltTotalMstaF,STASJON_NR,-1,-1;ST_NAVN "ST_NAVN" true true false 40 Text 0 0 ,First,#,V:\ArcSDEvedlhold\Hydro2_data\Database\INNSYN_Hydrologi.gdb\HYDRA_FeltTotalMstaF,ST_NAVN,-1,-1;AREAL_KM2 "AREAL_KM2" true true false 8 Double 2 8 ,First,#,V:\ArcSDEvedlhold\Hydro2_data\Database\INNSYN_Hydrologi.gdb\HYDRA_FeltTotalMstaF,AREAL_KM2,-1,-1;AARTILSIG "AARTILSIG" true true false 8 Double 2 8 ,First,#,V:\ArcSDEvedlhold\Hydro2_data\Database\INNSYN_Hydrologi.gdb\HYDRA_FeltTotalMstaF,AARTILSIG,-1,-1;MM_AAR "MM_AAR" true true false 8 Double 2 8 ,First,#,V:\ArcSDEvedlhold\Hydro2_data\Database\INNSYN_Hydrologi.gdb\HYDRA_FeltTotalMstaF,MM_AAR,-1,-1;AVR_6190 "AVR_6190" true true false 8 Double 2 8 ,First,#,V:\ArcSDEvedlhold\Hydro2_data\Database\INNSYN_Hydrologi.gdb\HYDRA_FeltTotalMstaF,AVR_6190,-1,-1;MIDTILSIG "MIDTILSIG" true true false 8 Double 2 8 ,First,#,V:\ArcSDEvedlhold\Hydro2_data\Database\INNSYN_Hydrologi.gdb\HYDRA_FeltTotalMstaF,MIDTILSIG,-1,-1;SHAPE.AREA "SHAPE.AREA" false false true 0 Double 0 0 ,First,#;SHAPE.LEN "SHAPE.LEN" false false true 0 Double 0 0 ,First,#" #</Process><Process ToolSource="C:\Programfiler\ArcGIS\Desktop10.0\ArcToolbox\Toolboxes\Data Management Tools.tbx\CalculateField" Date="20130315" Time="112229">CalculateField VANN.HYDRA_FeltTotalMstaF STASJON_NR "[STASJON_NR] &amp; ".0"" VB #</Process><Process ToolSource="c:\program files (x86)\arcgis\desktop10.1\ArcToolbox\Toolboxes\Data Management Tools.tbx\DeleteFeatures" Date="20130423" Time="083837">DeleteFeatures "Database Connections\VANN@INNSYN.sde\VANN.Hydrologi_INNSYN\VANN.HYDRA_FeltTotalMstaF"</Process><Process ToolSource="c:\program files (x86)\arcgis\desktop10.1\ArcToolbox\Toolboxes\Data Management Tools.tbx\DeleteFeatures" Date="20130425" Time="140236">DeleteFeatures "Database Connections\VANN@INNSYN.sde\VANN.Hydrologi_INNSYN\VANN.HYDRA_FeltTotalMstaF"</Process><Process ToolSource="c:\program files (x86)\arcgis\desktop10.1\ArcToolbox\Toolboxes\Data Management Tools.tbx\DeleteFeatures" Date="20130426" Time="071946">DeleteFeatures "Database Connections\VANN@INNSYN.sde\VANN.Hydrologi_INNSYN\VANN.HYDRA_FeltTotalMstaF"</Process><Process ToolSource="c:\program files (x86)\arcgis\desktop10.1\ArcToolbox\Toolboxes\Data Management Tools.tbx\DeleteFeatures" Date="20130426" Time="073911">DeleteFeatures "Database Connections\VANN@INNSYN.sde\VANN.Hydrologi_INNSYN\VANN.HYDRA_FeltTotalMstaF"</Process><Process ToolSource="C:\Program Files\ArcGIS\ArcToolbox\Toolboxes\Data Management Tools.tbx\DeleteFeatures" Date="20130610" Time="132831">DeleteFeatures "Database Connections\VANN@INNSYN.sde\VANN.Hydrologi_INNSYN\VANN.HYDRA_FeltTotalMstaF" "Database Connections\VANN@INNSYN.sde\VANN.Hydrologi_INNSYN\VANN.HYDRA_FeltTotalMstaF"</Process><Process ToolSource="c:\program files (x86)\arcgis\desktop10.2\ArcToolbox\Toolboxes\Data Management Tools.tbx\DeleteFeatures" Date="20131204" Time="164814">DeleteFeatures "Database Connections\VANN@innsynWGS_GISSQL01.sde\innsyn_wgs.VANN.Hydrologi_INNSYN\innsyn_wgs.VANN.HYDRA_FeltTotalMstaF"</Process><Process ToolSource="c:\program files (x86)\arcgis\desktop10.2\ArcToolbox\Toolboxes\Data Management Tools.tbx\CalculateField" Date="20131209" Time="134533">CalculateField innsyn_wgs.VANN.HYDRA_FeltTotalMstaF COMPOUND_K "001600155000" VB #</Process><Process ToolSource="c:\program files (x86)\arcgis\desktop10.2\ArcToolbox\Toolboxes\Data Management Tools.tbx\CalculateField" Date="20131209" Time="134550">CalculateField innsyn_wgs.VANN.HYDRA_FeltTotalMstaF STASJON_NR "16.155.0" VB #</Process><Process ToolSource="c:\program files (x86)\arcgis\desktop10.2\ArcToolbox\Toolboxes\Data Management Tools.tbx\DeleteFeatures" Date="20131210" Time="151625">DeleteFeatures "Database Connections\VANN@innsynWGS_GISSQL01.sde\innsyn_wgs.VANN.Hydrologi_INNSYN\innsyn_wgs.VANN.HYDRA_FeltTotalMstaF"</Process><Process ToolSource="c:\program files (x86)\arcgis\desktop10.2\ArcToolbox\Toolboxes\Data Management Tools.tbx\DeleteFeatures" Date="20140213" Time="141424">DeleteFeatures "Database Connections\VANN@innsynWGS_GISSQL01.sde\innsyn_wgs.VANN.Hydrologi_INNSYN\innsyn_wgs.VANN.HYDRA_FeltTotalMstaF"</Process><Process ToolSource="c:\program files (x86)\arcgis\desktop10.2\ArcToolbox\Toolboxes\Data Management Tools.tbx\DeleteFeatures" Date="20140213" Time="155821">DeleteFeatures "Database Connections\VANN@innsynWGS_GISSQL01.sde\innsyn_wgs.VANN.Hydrologi_INNSYN\innsyn_wgs.VANN.HYDRA_FeltTotalMstaF"</Process><Process ToolSource="c:\program files (x86)\arcgis\desktop10.2\ArcToolbox\Toolboxes\Data Management Tools.tbx\DeleteFeatures" Date="20140220" Time="144547">DeleteFeatures "Database Connections\VANN@innsynWGS_GISSQL01.sde\innsyn_wgs.VANN.Hydrologi_INNSYN\innsyn_wgs.VANN.HYDRA_FeltTotalMstaF"</Process><Process ToolSource="c:\program files (x86)\arcgis\desktop10.2\ArcToolbox\Toolboxes\Data Management Tools.tbx\DeleteFeatures" Date="20140306" Time="135051">DeleteFeatures "Database Connections\VANN@innsynWGS_GISSQL01.sde\innsyn_wgs.VANN.Hydrologi_INNSYN\innsyn_wgs.VANN.HYDRA_FeltTotalMstaF"</Process><Process ToolSource="c:\program files (x86)\arcgis\desktop10.2\ArcToolbox\Toolboxes\Data Management Tools.tbx\DeleteFeatures" Date="20140306" Time="161039">DeleteFeatures "Database Connections\VANN@innsynWGS_GISSQL01.sde\innsyn_wgs.VANN.Hydrologi_INNSYN\innsyn_wgs.VANN.HYDRA_FeltTotalMstaF"</Process><Process ToolSource="c:\program files (x86)\arcgis\desktop10.2\ArcToolbox\Toolboxes\Data Management Tools.tbx\DeleteFeatures" Date="20140306" Time="163611">DeleteFeatures "Database Connections\VANN@innsynWGS_GISSQL01.sde\innsyn_wgs.VANN.Hydrologi_INNSYN\innsyn_wgs.VANN.HYDRA_FeltTotalMstaF"</Process><Process ToolSource="c:\program files (x86)\arcgis\desktop10.2\ArcToolbox\Toolboxes\Data Management Tools.tbx\DeleteFeatures" Date="20140306" Time="165014">DeleteFeatures "Database Connections\VANN@innsynWGS_GISSQL01.sde\innsyn_wgs.VANN.Hydrologi_INNSYN\innsyn_wgs.VANN.HYDRA_FeltTotalMstaF"</Process><Process ToolSource="c:\program files (x86)\arcgis\desktop10.3\ArcToolbox\Toolboxes\Data Management Tools.tbx\DeleteFeatures" Date="20170116" Time="150610">DeleteFeatures //nve\fil\\NVEdata\\Rutiner\\ArcSDE_10_2_connections\\VANN@innsynWGS_GISSQL01.sde\innsyn_wgs.VANN.HYDRA_FeltTotalMstaF</Process><Process ToolSource="c:\program files (x86)\arcgis\desktop10.3\ArcToolbox\Toolboxes\Data Management Tools.tbx\Append" Date="20170116" Time="150640">Append \\nve\\fil\\NVEdata\\ArcSdevedlhold\\Hydro2_data\\Database\INNSYN_Hydrologi.gdb\HYDRA_FeltTotalMstaF //nve\fil\\NVEdata\\Rutiner\\ArcSDE_10_2_connections\\VANN@innsynWGS_GISSQL01.sde\innsyn_wgs.VANN.HYDRA_FeltTotalMstaF NO_TEST "FELTNR "FELTNR" true true false 4 Long 0 10 ,First,#,\\nve\\fil\\NVEdata\\ArcSdevedlhold\\Hydro2_data\\Database\INNSYN_Hydrologi.gdb\HYDRA_FeltTotalMstaF,FELTNR,-1,-1;COMPOUND_K "COMPOUND_K" true true false 12 Text 0 0 ,First,#,\\nve\\fil\\NVEdata\\ArcSdevedlhold\\Hydro2_data\\Database\INNSYN_Hydrologi.gdb\HYDRA_FeltTotalMstaF,COMPOUND_K,-1,-1;STASJON_NR "STASJON_NR" true true false 14 Text 0 0 ,First,#,\\nve\\fil\\NVEdata\\ArcSdevedlhold\\Hydro2_data\\Database\INNSYN_Hydrologi.gdb\HYDRA_FeltTotalMstaF,STASJON_NR,-1,-1;ST_NAVN "ST_NAVN" true true false 40 Text 0 0 ,First,#,\\nve\\fil\\NVEdata\\ArcSdevedlhold\\Hydro2_data\\Database\INNSYN_Hydrologi.gdb\HYDRA_FeltTotalMstaF,ST_NAVN,-1,-1;AREAL_KM2 "AREAL_KM2" true true false 8 Double 2 8 ,First,#,\\nve\\fil\\NVEdata\\ArcSdevedlhold\\Hydro2_data\\Database\INNSYN_Hydrologi.gdb\HYDRA_FeltTotalMstaF,AREAL_KM2,-1,-1;AARTILSIG "AARTILSIG" true true false 8 Double 2 8 ,First,#,\\nve\\fil\\NVEdata\\ArcSdevedlhold\\Hydro2_data\\Database\INNSYN_Hydrologi.gdb\HYDRA_FeltTotalMstaF,AARTILSIG,-1,-1;MM_AAR "MM_AAR" true true false 8 Double 2 8 ,First,#,\\nve\\fil\\NVEdata\\ArcSdevedlhold\\Hydro2_data\\Database\INNSYN_Hydrologi.gdb\HYDRA_FeltTotalMstaF,MM_AAR,-1,-1;AVR_6190 "AVR_6190" true true false 8 Double 2 8 ,First,#,\\nve\\fil\\NVEdata\\ArcSdevedlhold\\Hydro2_data\\Database\INNSYN_Hydrologi.gdb\HYDRA_FeltTotalMstaF,AVR_6190,-1,-1;MIDTILSIG "MIDTILSIG" true true false 8 Double 2 8 ,First,#,\\nve\\fil\\NVEdata\\ArcSdevedlhold\\Hydro2_data\\Database\INNSYN_Hydrologi.gdb\HYDRA_FeltTotalMstaF,MIDTILSIG,-1,-1;SHAPE.STArea() "SHAPE.STArea()" false false true 0 Double 0 0 ,First,#;SHAPE.STLength() "SHAPE.STLength()" false false true 0 Double 0 0 ,First,#" #</Process><Process ToolSource="c:\program files (x86)\arcgis\desktop10.3\ArcToolbox\Toolboxes\Data Management Tools.tbx\DeleteFeatures" Date="20170117" Time="090439">DeleteFeatures //nve\fil\\NVEdata\\Rutiner\\ArcSDE_10_2_connections\\VANN@innsynWGS_GISSQL01.sde\innsyn_wgs.VANN.HYDRA_FeltTotalMstaF</Process><Process ToolSource="c:\program files (x86)\arcgis\desktop10.3\ArcToolbox\Toolboxes\Data Management Tools.tbx\Append" Date="20170117" Time="090510">Append \\nve\\fil\\NVEdata\\ArcSdevedlhold\\Hydro2_data\\Database\INNSYN_Hydrologi.gdb\HYDRA_FeltTotalMstaF //nve\fil\\NVEdata\\Rutiner\\ArcSDE_10_2_connections\\VANN@innsynWGS_GISSQL01.sde\innsyn_wgs.VANN.HYDRA_FeltTotalMstaF NO_TEST "FELTNR "FELTNR" true true false 4 Long 0 10 ,First,#,\\nve\\fil\\NVEdata\\ArcSdevedlhold\\Hydro2_data\\Database\INNSYN_Hydrologi.gdb\HYDRA_FeltTotalMstaF,FELTNR,-1,-1;COMPOUND_K "COMPOUND_K" true true false 12 Text 0 0 ,First,#,\\nve\\fil\\NVEdata\\ArcSdevedlhold\\Hydro2_data\\Database\INNSYN_Hydrologi.gdb\HYDRA_FeltTotalMstaF,COMPOUND_K,-1,-1;STASJON_NR "STASJON_NR" true true false 14 Text 0 0 ,First,#,\\nve\\fil\\NVEdata\\ArcSdevedlhold\\Hydro2_data\\Database\INNSYN_Hydrologi.gdb\HYDRA_FeltTotalMstaF,STASJON_NR,-1,-1;ST_NAVN "ST_NAVN" true true false 40 Text 0 0 ,First,#,\\nve\\fil\\NVEdata\\ArcSdevedlhold\\Hydro2_data\\Database\INNSYN_Hydrologi.gdb\HYDRA_FeltTotalMstaF,ST_NAVN,-1,-1;AREAL_KM2 "AREAL_KM2" true true false 8 Double 2 8 ,First,#,\\nve\\fil\\NVEdata\\ArcSdevedlhold\\Hydro2_data\\Database\INNSYN_Hydrologi.gdb\HYDRA_FeltTotalMstaF,AREAL_KM2,-1,-1;AARTILSIG "AARTILSIG" true true false 8 Double 2 8 ,First,#,\\nve\\fil\\NVEdata\\ArcSdevedlhold\\Hydro2_data\\Database\INNSYN_Hydrologi.gdb\HYDRA_FeltTotalMstaF,AARTILSIG,-1,-1;MM_AAR "MM_AAR" true true false 8 Double 2 8 ,First,#,\\nve\\fil\\NVEdata\\ArcSdevedlhold\\Hydro2_data\\Database\INNSYN_Hydrologi.gdb\HYDRA_FeltTotalMstaF,MM_AAR,-1,-1;AVR_6190 "AVR_6190" true true false 8 Double 2 8 ,First,#,\\nve\\fil\\NVEdata\\ArcSdevedlhold\\Hydro2_data\\Database\INNSYN_Hydrologi.gdb\HYDRA_FeltTotalMstaF,AVR_6190,-1,-1;MIDTILSIG "MIDTILSIG" true true false 8 Double 2 8 ,First,#,\\nve\\fil\\NVEdata\\ArcSdevedlhold\\Hydro2_data\\Database\INNSYN_Hydrologi.gdb\HYDRA_FeltTotalMstaF,MIDTILSIG,-1,-1;SHAPE.STArea() "SHAPE.STArea()" false false true 0 Double 0 0 ,First,#;SHAPE.STLength() "SHAPE.STLength()" false false true 0 Double 0 0 ,First,#" #</Process><Process ToolSource="c:\program files (x86)\arcgis\desktop10.3\ArcToolbox\Toolboxes\Data Management Tools.tbx\DeleteFeatures" Date="20170118" Time="175336">DeleteFeatures //nve\fil\\NVEdata\\Rutiner\\ArcSDE_10_2_connections\\VANN@innsynWGS_GISSQL01.sde\innsyn_wgs.VANN.HYDRA_FeltTotalMstaF</Process><Process ToolSource="c:\program files (x86)\arcgis\desktop10.3\ArcToolbox\Toolboxes\Data Management Tools.tbx\Append" Date="20170118" Time="175406">Append \\nve\\fil\\NVEdata\\ArcSdevedlhold\\Hydro2_data\\Database\INNSYN_Hydrologi.gdb\HYDRA_FeltTotalMstaF //nve\fil\\NVEdata\\Rutiner\\ArcSDE_10_2_connections\\VANN@innsynWGS_GISSQL01.sde\innsyn_wgs.VANN.HYDRA_FeltTotalMstaF NO_TEST "FELTNR "FELTNR" true true false 4 Long 0 10 ,First,#,\\nve\\fil\\NVEdata\\ArcSdevedlhold\\Hydro2_data\\Database\INNSYN_Hydrologi.gdb\HYDRA_FeltTotalMstaF,FELTNR,-1,-1;COMPOUND_K "COMPOUND_K" true true false 12 Text 0 0 ,First,#,\\nve\\fil\\NVEdata\\ArcSdevedlhold\\Hydro2_data\\Database\INNSYN_Hydrologi.gdb\HYDRA_FeltTotalMstaF,COMPOUND_K,-1,-1;STASJON_NR "STASJON_NR" true true false 14 Text 0 0 ,First,#,\\nve\\fil\\NVEdata\\ArcSdevedlhold\\Hydro2_data\\Database\INNSYN_Hydrologi.gdb\HYDRA_FeltTotalMstaF,STASJON_NR,-1,-1;ST_NAVN "ST_NAVN" true true false 40 Text 0 0 ,First,#,\\nve\\fil\\NVEdata\\ArcSdevedlhold\\Hydro2_data\\Database\INNSYN_Hydrologi.gdb\HYDRA_FeltTotalMstaF,ST_NAVN,-1,-1;AREAL_KM2 "AREAL_KM2" true true false 8 Double 2 8 ,First,#,\\nve\\fil\\NVEdata\\ArcSdevedlhold\\Hydro2_data\\Database\INNSYN_Hydrologi.gdb\HYDRA_FeltTotalMstaF,AREAL_KM2,-1,-1;AARTILSIG "AARTILSIG" true true false 8 Double 2 8 ,First,#,\\nve\\fil\\NVEdata\\ArcSdevedlhold\\Hydro2_data\\Database\INNSYN_Hydrologi.gdb\HYDRA_FeltTotalMstaF,AARTILSIG,-1,-1;MM_AAR "MM_AAR" true true false 8 Double 2 8 ,First,#,\\nve\\fil\\NVEdata\\ArcSdevedlhold\\Hydro2_data\\Database\INNSYN_Hydrologi.gdb\HYDRA_FeltTotalMstaF,MM_AAR,-1,-1;AVR_6190 "AVR_6190" true true false 8 Double 2 8 ,First,#,\\nve\\fil\\NVEdata\\ArcSdevedlhold\\Hydro2_data\\Database\INNSYN_Hydrologi.gdb\HYDRA_FeltTotalMstaF,AVR_6190,-1,-1;MIDTILSIG "MIDTILSIG" true true false 8 Double 2 8 ,First,#,\\nve\\fil\\NVEdata\\ArcSdevedlhold\\Hydro2_data\\Database\INNSYN_Hydrologi.gdb\HYDRA_FeltTotalMstaF,MIDTILSIG,-1,-1;SHAPE.STArea() "SHAPE.STArea()" false false true 0 Double 0 0 ,First,#;SHAPE.STLength() "SHAPE.STLength()" false false true 0 Double 0 0 ,First,#" #</Process><Process ToolSource="c:\program files (x86)\arcgis\desktop10.3\ArcToolbox\Toolboxes\Data Management Tools.tbx\DeleteFeatures" Date="20170120" Time="092458">DeleteFeatures //nve\fil\\NVEdata\\Rutiner\\ArcSDE_10_2_connections\\VANN@innsynWGS_GISSQL01.sde\innsyn_wgs.VANN.HYDRA_FeltTotalMstaF</Process><Process ToolSource="c:\program files (x86)\arcgis\desktop10.3\ArcToolbox\Toolboxes\Data Management Tools.tbx\Append" Date="20170120" Time="092535">Append \\nve\\fil\\NVEdata\\ArcSdevedlhold\\Hydro2_data\\Database\INNSYN_Hydrologi.gdb\HYDRA_FeltTotalMstaF //nve\fil\\NVEdata\\Rutiner\\ArcSDE_10_2_connections\\VANN@innsynWGS_GISSQL01.sde\innsyn_wgs.VANN.HYDRA_FeltTotalMstaF NO_TEST "FELTNR "FELTNR" true true false 4 Long 0 10 ,First,#,\\nve\\fil\\NVEdata\\ArcSdevedlhold\\Hydro2_data\\Database\INNSYN_Hydrologi.gdb\HYDRA_FeltTotalMstaF,FELTNR,-1,-1;COMPOUND_K "COMPOUND_K" true true false 12 Text 0 0 ,First,#,\\nve\\fil\\NVEdata\\ArcSdevedlhold\\Hydro2_data\\Database\INNSYN_Hydrologi.gdb\HYDRA_FeltTotalMstaF,COMPOUND_K,-1,-1;STASJON_NR "STASJON_NR" true true false 14 Text 0 0 ,First,#,\\nve\\fil\\NVEdata\\ArcSdevedlhold\\Hydro2_data\\Database\INNSYN_Hydrologi.gdb\HYDRA_FeltTotalMstaF,STASJON_NR,-1,-1;ST_NAVN "ST_NAVN" true true false 40 Text 0 0 ,First,#,\\nve\\fil\\NVEdata\\ArcSdevedlhold\\Hydro2_data\\Database\INNSYN_Hydrologi.gdb\HYDRA_FeltTotalMstaF,ST_NAVN,-1,-1;AREAL_KM2 "AREAL_KM2" true true false 8 Double 2 8 ,First,#,\\nve\\fil\\NVEdata\\ArcSdevedlhold\\Hydro2_data\\Database\INNSYN_Hydrologi.gdb\HYDRA_FeltTotalMstaF,AREAL_KM2,-1,-1;AARTILSIG "AARTILSIG" true true false 8 Double 2 8 ,First,#,\\nve\\fil\\NVEdata\\ArcSdevedlhold\\Hydro2_data\\Database\INNSYN_Hydrologi.gdb\HYDRA_FeltTotalMstaF,AARTILSIG,-1,-1;MM_AAR "MM_AAR" true true false 8 Double 2 8 ,First,#,\\nve\\fil\\NVEdata\\ArcSdevedlhold\\Hydro2_data\\Database\INNSYN_Hydrologi.gdb\HYDRA_FeltTotalMstaF,MM_AAR,-1,-1;AVR_6190 "AVR_6190" true true false 8 Double 2 8 ,First,#,\\nve\\fil\\NVEdata\\ArcSdevedlhold\\Hydro2_data\\Database\INNSYN_Hydrologi.gdb\HYDRA_FeltTotalMstaF,AVR_6190,-1,-1;MIDTILSIG "MIDTILSIG" true true false 8 Double 2 8 ,First,#,\\nve\\fil\\NVEdata\\ArcSdevedlhold\\Hydro2_data\\Database\INNSYN_Hydrologi.gdb\HYDRA_FeltTotalMstaF,MIDTILSIG,-1,-1;SHAPE.STArea() "SHAPE.STArea()" false false true 0 Double 0 0 ,First,#;SHAPE.STLength() "SHAPE.STLength()" false false true 0 Double 0 0 ,First,#" #</Process><Process ToolSource="c:\program files (x86)\arcgis\desktop10.3\ArcToolbox\Toolboxes\Data Management Tools.tbx\DeleteFeatures" Date="20170203" Time="080409">DeleteFeatures //nve\fil\\NVEdata\\Rutiner\\ArcSDE_10_2_connections\\VANN@innsynWGS_GISSQL01.sde\innsyn_wgs.VANN.HYDRA_FeltTotalMstaF</Process><Process ToolSource="c:\program files (x86)\arcgis\desktop10.3\ArcToolbox\Toolboxes\Data Management Tools.tbx\Append" Date="20170203" Time="080437">Append \\nve\\fil\\NVEdata\\ArcSdevedlhold\\Hydro2_data\\Database\INNSYN_Hydrologi.gdb\HYDRA_FeltTotalMstaF //nve\fil\\NVEdata\\Rutiner\\ArcSDE_10_2_connections\\VANN@innsynWGS_GISSQL01.sde\innsyn_wgs.VANN.HYDRA_FeltTotalMstaF NO_TEST "FELTNR "FELTNR" true true false 4 Long 0 10 ,First,#,\\nve\\fil\\NVEdata\\ArcSdevedlhold\\Hydro2_data\\Database\INNSYN_Hydrologi.gdb\HYDRA_FeltTotalMstaF,FELTNR,-1,-1;COMPOUND_K "COMPOUND_K" true true false 12 Text 0 0 ,First,#,\\nve\\fil\\NVEdata\\ArcSdevedlhold\\Hydro2_data\\Database\INNSYN_Hydrologi.gdb\HYDRA_FeltTotalMstaF,COMPOUND_K,-1,-1;STASJON_NR "STASJON_NR" true true false 14 Text 0 0 ,First,#,\\nve\\fil\\NVEdata\\ArcSdevedlhold\\Hydro2_data\\Database\INNSYN_Hydrologi.gdb\HYDRA_FeltTotalMstaF,STASJON_NR,-1,-1;ST_NAVN "ST_NAVN" true true false 40 Text 0 0 ,First,#,\\nve\\fil\\NVEdata\\ArcSdevedlhold\\Hydro2_data\\Database\INNSYN_Hydrologi.gdb\HYDRA_FeltTotalMstaF,ST_NAVN,-1,-1;AREAL_KM2 "AREAL_KM2" true true false 8 Double 2 8 ,First,#,\\nve\\fil\\NVEdata\\ArcSdevedlhold\\Hydro2_data\\Database\INNSYN_Hydrologi.gdb\HYDRA_FeltTotalMstaF,AREAL_KM2,-1,-1;AARTILSIG "AARTILSIG" true true false 8 Double 2 8 ,First,#,\\nve\\fil\\NVEdata\\ArcSdevedlhold\\Hydro2_data\\Database\INNSYN_Hydrologi.gdb\HYDRA_FeltTotalMstaF,AARTILSIG,-1,-1;MM_AAR "MM_AAR" true true false 8 Double 2 8 ,First,#,\\nve\\fil\\NVEdata\\ArcSdevedlhold\\Hydro2_data\\Database\INNSYN_Hydrologi.gdb\HYDRA_FeltTotalMstaF,MM_AAR,-1,-1;AVR_6190 "AVR_6190" true true false 8 Double 2 8 ,First,#,\\nve\\fil\\NVEdata\\ArcSdevedlhold\\Hydro2_data\\Database\INNSYN_Hydrologi.gdb\HYDRA_FeltTotalMstaF,AVR_6190,-1,-1;MIDTILSIG "MIDTILSIG" true true false 8 Double 2 8 ,First,#,\\nve\\fil\\NVEdata\\ArcSdevedlhold\\Hydro2_data\\Database\INNSYN_Hydrologi.gdb\HYDRA_FeltTotalMstaF,MIDTILSIG,-1,-1;SHAPE.STArea() "SHAPE.STArea()" false false true 0 Double 0 0 ,First,#;SHAPE.STLength() "SHAPE.STLength()" false false true 0 Double 0 0 ,First,#" #</Process><Process ToolSource="c:\program files (x86)\arcgis\desktop10.3\ArcToolbox\Toolboxes\Data Management Tools.tbx\DeleteFeatures" Date="20170203" Time="153316">DeleteFeatures //nve\fil\\NVEdata\\Rutiner\\ArcSDE_10_2_connections\\VANN@innsynWGS_GISSQL01.sde\innsyn_wgs.VANN.HYDRA_FeltTotalMstaF</Process><Process ToolSource="c:\program files (x86)\arcgis\desktop10.3\ArcToolbox\Toolboxes\Data Management Tools.tbx\Append" Date="20170203" Time="153345">Append \\nve\\fil\\NVEdata\\ArcSdevedlhold\\Hydro2_data\\Database\INNSYN_Hydrologi.gdb\HYDRA_FeltTotalMstaF //nve\fil\\NVEdata\\Rutiner\\ArcSDE_10_2_connections\\VANN@innsynWGS_GISSQL01.sde\innsyn_wgs.VANN.HYDRA_FeltTotalMstaF NO_TEST "FELTNR "FELTNR" true true false 4 Long 0 10 ,First,#,\\nve\\fil\\NVEdata\\ArcSdevedlhold\\Hydro2_data\\Database\INNSYN_Hydrologi.gdb\HYDRA_FeltTotalMstaF,FELTNR,-1,-1;COMPOUND_K "COMPOUND_K" true true false 12 Text 0 0 ,First,#,\\nve\\fil\\NVEdata\\ArcSdevedlhold\\Hydro2_data\\Database\INNSYN_Hydrologi.gdb\HYDRA_FeltTotalMstaF,COMPOUND_K,-1,-1;STASJON_NR "STASJON_NR" true true false 14 Text 0 0 ,First,#,\\nve\\fil\\NVEdata\\ArcSdevedlhold\\Hydro2_data\\Database\INNSYN_Hydrologi.gdb\HYDRA_FeltTotalMstaF,STASJON_NR,-1,-1;ST_NAVN "ST_NAVN" true true false 40 Text 0 0 ,First,#,\\nve\\fil\\NVEdata\\ArcSdevedlhold\\Hydro2_data\\Database\INNSYN_Hydrologi.gdb\HYDRA_FeltTotalMstaF,ST_NAVN,-1,-1;AREAL_KM2 "AREAL_KM2" true true false 8 Double 2 8 ,First,#,\\nve\\fil\\NVEdata\\ArcSdevedlhold\\Hydro2_data\\Database\INNSYN_Hydrologi.gdb\HYDRA_FeltTotalMstaF,AREAL_KM2,-1,-1;AARTILSIG "AARTILSIG" true true false 8 Double 2 8 ,First,#,\\nve\\fil\\NVEdata\\ArcSdevedlhold\\Hydro2_data\\Database\INNSYN_Hydrologi.gdb\HYDRA_FeltTotalMstaF,AARTILSIG,-1,-1;MM_AAR "MM_AAR" true true false 8 Double 2 8 ,First,#,\\nve\\fil\\NVEdata\\ArcSdevedlhold\\Hydro2_data\\Database\INNSYN_Hydrologi.gdb\HYDRA_FeltTotalMstaF,MM_AAR,-1,-1;AVR_6190 "AVR_6190" true true false 8 Double 2 8 ,First,#,\\nve\\fil\\NVEdata\\ArcSdevedlhold\\Hydro2_data\\Database\INNSYN_Hydrologi.gdb\HYDRA_FeltTotalMstaF,AVR_6190,-1,-1;MIDTILSIG "MIDTILSIG" true true false 8 Double 2 8 ,First,#,\\nve\\fil\\NVEdata\\ArcSdevedlhold\\Hydro2_data\\Database\INNSYN_Hydrologi.gdb\HYDRA_FeltTotalMstaF,MIDTILSIG,-1,-1;SHAPE.STArea() "SHAPE.STArea()" false false true 0 Double 0 0 ,First,#;SHAPE.STLength() "SHAPE.STLength()" false false true 0 Double 0 0 ,First,#" #</Process><Process ToolSource="c:\program files (x86)\arcgis\desktop10.3\ArcToolbox\Toolboxes\Data Management Tools.tbx\DeleteFeatures" Date="20170223" Time="114418">DeleteFeatures //nve\fil\\NVEdata\\Rutiner\\ArcSDE_10_2_connections\\VANN@innsynWGS_GISSQL01.sde\innsyn_wgs.VANN.HYDRA_FeltTotalMstaF</Process><Process ToolSource="c:\program files (x86)\arcgis\desktop10.3\ArcToolbox\Toolboxes\Data Management Tools.tbx\Append" Date="20170223" Time="114450">Append \\nve\\fil\\NVEdata\\ArcSdevedlhold\\Hydro2_data\\Database\INNSYN_Hydrologi.gdb\HYDRA_FeltTotalMstaF //nve\fil\\NVEdata\\Rutiner\\ArcSDE_10_2_connections\\VANN@innsynWGS_GISSQL01.sde\innsyn_wgs.VANN.HYDRA_FeltTotalMstaF NO_TEST "FELTNR "FELTNR" true true false 4 Long 0 10 ,First,#,\\nve\\fil\\NVEdata\\ArcSdevedlhold\\Hydro2_data\\Database\INNSYN_Hydrologi.gdb\HYDRA_FeltTotalMstaF,FELTNR,-1,-1;COMPOUND_K "COMPOUND_K" true true false 12 Text 0 0 ,First,#,\\nve\\fil\\NVEdata\\ArcSdevedlhold\\Hydro2_data\\Database\INNSYN_Hydrologi.gdb\HYDRA_FeltTotalMstaF,COMPOUND_K,-1,-1;STASJON_NR "STASJON_NR" true true false 14 Text 0 0 ,First,#,\\nve\\fil\\NVEdata\\ArcSdevedlhold\\Hydro2_data\\Database\INNSYN_Hydrologi.gdb\HYDRA_FeltTotalMstaF,STASJON_NR,-1,-1;ST_NAVN "ST_NAVN" true true false 40 Text 0 0 ,First,#,\\nve\\fil\\NVEdata\\ArcSdevedlhold\\Hydro2_data\\Database\INNSYN_Hydrologi.gdb\HYDRA_FeltTotalMstaF,ST_NAVN,-1,-1;AREAL_KM2 "AREAL_KM2" true true false 8 Double 2 8 ,First,#,\\nve\\fil\\NVEdata\\ArcSdevedlhold\\Hydro2_data\\Database\INNSYN_Hydrologi.gdb\HYDRA_FeltTotalMstaF,AREAL_KM2,-1,-1;AARTILSIG "AARTILSIG" true true false 8 Double 2 8 ,First,#,\\nve\\fil\\NVEdata\\ArcSdevedlhold\\Hydro2_data\\Database\INNSYN_Hydrologi.gdb\HYDRA_FeltTotalMstaF,AARTILSIG,-1,-1;MM_AAR "MM_AAR" true true false 8 Double 2 8 ,First,#,\\nve\\fil\\NVEdata\\ArcSdevedlhold\\Hydro2_data\\Database\INNSYN_Hydrologi.gdb\HYDRA_FeltTotalMstaF,MM_AAR,-1,-1;AVR_6190 "AVR_6190" true true false 8 Double 2 8 ,First,#,\\nve\\fil\\NVEdata\\ArcSdevedlhold\\Hydro2_data\\Database\INNSYN_Hydrologi.gdb\HYDRA_FeltTotalMstaF,AVR_6190,-1,-1;MIDTILSIG "MIDTILSIG" true true false 8 Double 2 8 ,First,#,\\nve\\fil\\NVEdata\\ArcSdevedlhold\\Hydro2_data\\Database\INNSYN_Hydrologi.gdb\HYDRA_FeltTotalMstaF,MIDTILSIG,-1,-1;SHAPE.STArea() "SHAPE.STArea()" false false true 0 Double 0 0 ,First,#;SHAPE.STLength() "SHAPE.STLength()" false false true 0 Double 0 0 ,First,#" #</Process><Process ToolSource="c:\program files (x86)\arcgis\desktop10.3\ArcToolbox\Toolboxes\Data Management Tools.tbx\DeleteFeatures" Date="20170302" Time="091413">DeleteFeatures //nve\fil\\NVEdata\\Rutiner\\ArcSDE_10_2_connections\\VANN@innsynWGS_GISSQL01.sde\innsyn_wgs.VANN.HYDRA_FeltTotalMstaF</Process><Process ToolSource="c:\program files (x86)\arcgis\desktop10.3\ArcToolbox\Toolboxes\Data Management Tools.tbx\Append" Date="20170302" Time="091438">Append \\nve\\fil\\NVEdata\\ArcSdevedlhold\\Hydro2_data\\Database\INNSYN_Hydrologi.gdb\HYDRA_FeltTotalMstaF //nve\fil\\NVEdata\\Rutiner\\ArcSDE_10_2_connections\\VANN@innsynWGS_GISSQL01.sde\innsyn_wgs.VANN.HYDRA_FeltTotalMstaF NO_TEST "FELTNR "FELTNR" true true false 4 Long 0 10 ,First,#,\\nve\\fil\\NVEdata\\ArcSdevedlhold\\Hydro2_data\\Database\INNSYN_Hydrologi.gdb\HYDRA_FeltTotalMstaF,FELTNR,-1,-1;COMPOUND_K "COMPOUND_K" true true false 12 Text 0 0 ,First,#,\\nve\\fil\\NVEdata\\ArcSdevedlhold\\Hydro2_data\\Database\INNSYN_Hydrologi.gdb\HYDRA_FeltTotalMstaF,COMPOUND_K,-1,-1;STASJON_NR "STASJON_NR" true true false 14 Text 0 0 ,First,#,\\nve\\fil\\NVEdata\\ArcSdevedlhold\\Hydro2_data\\Database\INNSYN_Hydrologi.gdb\HYDRA_FeltTotalMstaF,STASJON_NR,-1,-1;ST_NAVN "ST_NAVN" true true false 40 Text 0 0 ,First,#,\\nve\\fil\\NVEdata\\ArcSdevedlhold\\Hydro2_data\\Database\INNSYN_Hydrologi.gdb\HYDRA_FeltTotalMstaF,ST_NAVN,-1,-1;AREAL_KM2 "AREAL_KM2" true true false 8 Double 2 8 ,First,#,\\nve\\fil\\NVEdata\\ArcSdevedlhold\\Hydro2_data\\Database\INNSYN_Hydrologi.gdb\HYDRA_FeltTotalMstaF,AREAL_KM2,-1,-1;AARTILSIG "AARTILSIG" true true false 8 Double 2 8 ,First,#,\\nve\\fil\\NVEdata\\ArcSdevedlhold\\Hydro2_data\\Database\INNSYN_Hydrologi.gdb\HYDRA_FeltTotalMstaF,AARTILSIG,-1,-1;MM_AAR "MM_AAR" true true false 8 Double 2 8 ,First,#,\\nve\\fil\\NVEdata\\ArcSdevedlhold\\Hydro2_data\\Database\INNSYN_Hydrologi.gdb\HYDRA_FeltTotalMstaF,MM_AAR,-1,-1;AVR_6190 "AVR_6190" true true false 8 Double 2 8 ,First,#,\\nve\\fil\\NVEdata\\ArcSdevedlhold\\Hydro2_data\\Database\INNSYN_Hydrologi.gdb\HYDRA_FeltTotalMstaF,AVR_6190,-1,-1;MIDTILSIG "MIDTILSIG" true true false 8 Double 2 8 ,First,#,\\nve\\fil\\NVEdata\\ArcSdevedlhold\\Hydro2_data\\Database\INNSYN_Hydrologi.gdb\HYDRA_FeltTotalMstaF,MIDTILSIG,-1,-1;SHAPE.STArea() "SHAPE.STArea()" false false true 0 Double 0 0 ,First,#;SHAPE.STLength() "SHAPE.STLength()" false false true 0 Double 0 0 ,First,#" #</Process><Process ToolSource="c:\program files (x86)\arcgis\desktop10.3\ArcToolbox\Toolboxes\Data Management Tools.tbx\DeleteFeatures" Date="20170303" Time="155315">DeleteFeatures //nve\fil\\NVEdata\\Rutiner\\ArcSDE_10_2_connections\\VANN@innsynWGS_GISSQL01.sde\innsyn_wgs.VANN.HYDRA_FeltTotalMstaF</Process><Process ToolSource="c:\program files (x86)\arcgis\desktop10.3\ArcToolbox\Toolboxes\Data Management Tools.tbx\Append" Date="20170303" Time="155343">Append \\nve\\fil\\NVEdata\\ArcSdevedlhold\\Hydro2_data\\Database\INNSYN_Hydrologi.gdb\HYDRA_FeltTotalMstaF //nve\fil\\NVEdata\\Rutiner\\ArcSDE_10_2_connections\\VANN@innsynWGS_GISSQL01.sde\innsyn_wgs.VANN.HYDRA_FeltTotalMstaF NO_TEST "FELTNR "FELTNR" true true false 4 Long 0 10 ,First,#,\\nve\\fil\\NVEdata\\ArcSdevedlhold\\Hydro2_data\\Database\INNSYN_Hydrologi.gdb\HYDRA_FeltTotalMstaF,FELTNR,-1,-1;COMPOUND_K "COMPOUND_K" true true false 12 Text 0 0 ,First,#,\\nve\\fil\\NVEdata\\ArcSdevedlhold\\Hydro2_data\\Database\INNSYN_Hydrologi.gdb\HYDRA_FeltTotalMstaF,COMPOUND_K,-1,-1;STASJON_NR "STASJON_NR" true true false 14 Text 0 0 ,First,#,\\nve\\fil\\NVEdata\\ArcSdevedlhold\\Hydro2_data\\Database\INNSYN_Hydrologi.gdb\HYDRA_FeltTotalMstaF,STASJON_NR,-1,-1;ST_NAVN "ST_NAVN" true true false 40 Text 0 0 ,First,#,\\nve\\fil\\NVEdata\\ArcSdevedlhold\\Hydro2_data\\Database\INNSYN_Hydrologi.gdb\HYDRA_FeltTotalMstaF,ST_NAVN,-1,-1;AREAL_KM2 "AREAL_KM2" true true false 8 Double 2 8 ,First,#,\\nve\\fil\\NVEdata\\ArcSdevedlhold\\Hydro2_data\\Database\INNSYN_Hydrologi.gdb\HYDRA_FeltTotalMstaF,AREAL_KM2,-1,-1;AARTILSIG "AARTILSIG" true true false 8 Double 2 8 ,First,#,\\nve\\fil\\NVEdata\\ArcSdevedlhold\\Hydro2_data\\Database\INNSYN_Hydrologi.gdb\HYDRA_FeltTotalMstaF,AARTILSIG,-1,-1;MM_AAR "MM_AAR" true true false 8 Double 2 8 ,First,#,\\nve\\fil\\NVEdata\\ArcSdevedlhold\\Hydro2_data\\Database\INNSYN_Hydrologi.gdb\HYDRA_FeltTotalMstaF,MM_AAR,-1,-1;AVR_6190 "AVR_6190" true true false 8 Double 2 8 ,First,#,\\nve\\fil\\NVEdata\\ArcSdevedlhold\\Hydro2_data\\Database\INNSYN_Hydrologi.gdb\HYDRA_FeltTotalMstaF,AVR_6190,-1,-1;MIDTILSIG "MIDTILSIG" true true false 8 Double 2 8 ,First,#,\\nve\\fil\\NVEdata\\ArcSdevedlhold\\Hydro2_data\\Database\INNSYN_Hydrologi.gdb\HYDRA_FeltTotalMstaF,MIDTILSIG,-1,-1;SHAPE.STArea() "SHAPE.STArea()" false false true 0 Double 0 0 ,First,#;SHAPE.STLength() "SHAPE.STLength()" false false true 0 Double 0 0 ,First,#" #</Process><Process ToolSource="c:\program files (x86)\arcgis\desktop10.3\ArcToolbox\Toolboxes\Data Management Tools.tbx\DeleteFeatures" Date="20170316" Time="085932">DeleteFeatures //nve\fil\\NVEdata\\Rutiner\\ArcSDE_10_2_connections\\VANN@innsynWGS_GISSQL01.sde\innsyn_wgs.VANN.HYDRA_FeltTotalMstaF</Process><Process ToolSource="c:\program files (x86)\arcgis\desktop10.3\ArcToolbox\Toolboxes\Data Management Tools.tbx\Append" Date="20170316" Time="085958">Append \\nve\\fil\\NVEdata\\ArcSdevedlhold\\Hydro2_data\\Database\INNSYN_Hydrologi.gdb\HYDRA_FeltTotalMstaF //nve\fil\\NVEdata\\Rutiner\\ArcSDE_10_2_connections\\VANN@innsynWGS_GISSQL01.sde\innsyn_wgs.VANN.HYDRA_FeltTotalMstaF NO_TEST "FELTNR "FELTNR" true true false 4 Long 0 10 ,First,#,\\nve\\fil\\NVEdata\\ArcSdevedlhold\\Hydro2_data\\Database\INNSYN_Hydrologi.gdb\HYDRA_FeltTotalMstaF,FELTNR,-1,-1;COMPOUND_K "COMPOUND_K" true true false 12 Text 0 0 ,First,#,\\nve\\fil\\NVEdata\\ArcSdevedlhold\\Hydro2_data\\Database\INNSYN_Hydrologi.gdb\HYDRA_FeltTotalMstaF,COMPOUND_K,-1,-1;STASJON_NR "STASJON_NR" true true false 14 Text 0 0 ,First,#,\\nve\\fil\\NVEdata\\ArcSdevedlhold\\Hydro2_data\\Database\INNSYN_Hydrologi.gdb\HYDRA_FeltTotalMstaF,STASJON_NR,-1,-1;ST_NAVN "ST_NAVN" true true false 40 Text 0 0 ,First,#,\\nve\\fil\\NVEdata\\ArcSdevedlhold\\Hydro2_data\\Database\INNSYN_Hydrologi.gdb\HYDRA_FeltTotalMstaF,ST_NAVN,-1,-1;AREAL_KM2 "AREAL_KM2" true true false 8 Double 2 8 ,First,#,\\nve\\fil\\NVEdata\\ArcSdevedlhold\\Hydro2_data\\Database\INNSYN_Hydrologi.gdb\HYDRA_FeltTotalMstaF,AREAL_KM2,-1,-1;AARTILSIG "AARTILSIG" true true false 8 Double 2 8 ,First,#,\\nve\\fil\\NVEdata\\ArcSdevedlhold\\Hydro2_data\\Database\INNSYN_Hydrologi.gdb\HYDRA_FeltTotalMstaF,AARTILSIG,-1,-1;MM_AAR "MM_AAR" true true false 8 Double 2 8 ,First,#,\\nve\\fil\\NVEdata\\ArcSdevedlhold\\Hydro2_data\\Database\INNSYN_Hydrologi.gdb\HYDRA_FeltTotalMstaF,MM_AAR,-1,-1;AVR_6190 "AVR_6190" true true false 8 Double 2 8 ,First,#,\\nve\\fil\\NVEdata\\ArcSdevedlhold\\Hydro2_data\\Database\INNSYN_Hydrologi.gdb\HYDRA_FeltTotalMstaF,AVR_6190,-1,-1;MIDTILSIG "MIDTILSIG" true true false 8 Double 2 8 ,First,#,\\nve\\fil\\NVEdata\\ArcSdevedlhold\\Hydro2_data\\Database\INNSYN_Hydrologi.gdb\HYDRA_FeltTotalMstaF,MIDTILSIG,-1,-1;SHAPE.STArea() "SHAPE.STArea()" false false true 0 Double 0 0 ,First,#;SHAPE.STLength() "SHAPE.STLength()" false false true 0 Double 0 0 ,First,#" #</Process><Process ToolSource="c:\program files (x86)\arcgis\desktop10.3\ArcToolbox\Toolboxes\Data Management Tools.tbx\DeleteFeatures" Date="20170327" Time="094259">DeleteFeatures //nve\fil\\NVEdata\\Rutiner\\ArcSDE_10_2_connections\\VANN@innsynWGS_GISSQL01.sde\innsyn_wgs.VANN.HYDRA_FeltTotalMstaF</Process><Process ToolSource="c:\program files (x86)\arcgis\desktop10.3\ArcToolbox\Toolboxes\Data Management Tools.tbx\Append" Date="20170327" Time="094325">Append \\nve\\fil\\NVEdata\\ArcSdevedlhold\\Hydro2_data\\Database\INNSYN_Hydrologi.gdb\HYDRA_FeltTotalMstaF //nve\fil\\NVEdata\\Rutiner\\ArcSDE_10_2_connections\\VANN@innsynWGS_GISSQL01.sde\innsyn_wgs.VANN.HYDRA_FeltTotalMstaF NO_TEST "FELTNR "FELTNR" true true false 4 Long 0 10 ,First,#,\\nve\\fil\\NVEdata\\ArcSdevedlhold\\Hydro2_data\\Database\INNSYN_Hydrologi.gdb\HYDRA_FeltTotalMstaF,FELTNR,-1,-1;COMPOUND_K "COMPOUND_K" true true false 12 Text 0 0 ,First,#,\\nve\\fil\\NVEdata\\ArcSdevedlhold\\Hydro2_data\\Database\INNSYN_Hydrologi.gdb\HYDRA_FeltTotalMstaF,COMPOUND_K,-1,-1;STASJON_NR "STASJON_NR" true true false 14 Text 0 0 ,First,#,\\nve\\fil\\NVEdata\\ArcSdevedlhold\\Hydro2_data\\Database\INNSYN_Hydrologi.gdb\HYDRA_FeltTotalMstaF,STASJON_NR,-1,-1;ST_NAVN "ST_NAVN" true true false 40 Text 0 0 ,First,#,\\nve\\fil\\NVEdata\\ArcSdevedlhold\\Hydro2_data\\Database\INNSYN_Hydrologi.gdb\HYDRA_FeltTotalMstaF,ST_NAVN,-1,-1;AREAL_KM2 "AREAL_KM2" true true false 8 Double 2 8 ,First,#,\\nve\\fil\\NVEdata\\ArcSdevedlhold\\Hydro2_data\\Database\INNSYN_Hydrologi.gdb\HYDRA_FeltTotalMstaF,AREAL_KM2,-1,-1;AARTILSIG "AARTILSIG" true true false 8 Double 2 8 ,First,#,\\nve\\fil\\NVEdata\\ArcSdevedlhold\\Hydro2_data\\Database\INNSYN_Hydrologi.gdb\HYDRA_FeltTotalMstaF,AARTILSIG,-1,-1;MM_AAR "MM_AAR" true true false 8 Double 2 8 ,First,#,\\nve\\fil\\NVEdata\\ArcSdevedlhold\\Hydro2_data\\Database\INNSYN_Hydrologi.gdb\HYDRA_FeltTotalMstaF,MM_AAR,-1,-1;AVR_6190 "AVR_6190" true true false 8 Double 2 8 ,First,#,\\nve\\fil\\NVEdata\\ArcSdevedlhold\\Hydro2_data\\Database\INNSYN_Hydrologi.gdb\HYDRA_FeltTotalMstaF,AVR_6190,-1,-1;MIDTILSIG "MIDTILSIG" true true false 8 Double 2 8 ,First,#,\\nve\\fil\\NVEdata\\ArcSdevedlhold\\Hydro2_data\\Database\INNSYN_Hydrologi.gdb\HYDRA_FeltTotalMstaF,MIDTILSIG,-1,-1;SHAPE.STArea() "SHAPE.STArea()" false false true 0 Double 0 0 ,First,#;SHAPE.STLength() "SHAPE.STLength()" false false true 0 Double 0 0 ,First,#" #</Process><Process ToolSource="c:\program files (x86)\arcgis\desktop10.3\ArcToolbox\Toolboxes\Data Management Tools.tbx\DeleteFeatures" Date="20170503" Time="160842">DeleteFeatures //nve\fil\\NVEdata\\Rutiner\\ArcSDE_10_2_connections\\VANN@innsynWGS_GISSQL01.sde\innsyn_wgs.VANN.HYDRA_FeltTotalMstaF</Process><Process ToolSource="c:\program files (x86)\arcgis\desktop10.3\ArcToolbox\Toolboxes\Data Management Tools.tbx\Append" Date="20170503" Time="161042">Append \\nve\\fil\\NVEdata\\ArcSdevedlhold\\Hydro2_data\\Database\INNSYN_Hydrologi.gdb\HYDRA_FeltTotalMstaF //nve\fil\\NVEdata\\Rutiner\\ArcSDE_10_2_connections\\VANN@innsynWGS_GISSQL01.sde\innsyn_wgs.VANN.HYDRA_FeltTotalMstaF NO_TEST "FELTNR "FELTNR" true true false 4 Long 0 10 ,First,#,\\nve\\fil\\NVEdata\\ArcSdevedlhold\\Hydro2_data\\Database\INNSYN_Hydrologi.gdb\HYDRA_FeltTotalMstaF,FELTNR,-1,-1;COMPOUND_K "COMPOUND_K" true true false 12 Text 0 0 ,First,#,\\nve\\fil\\NVEdata\\ArcSdevedlhold\\Hydro2_data\\Database\INNSYN_Hydrologi.gdb\HYDRA_FeltTotalMstaF,COMPOUND_K,-1,-1;STASJON_NR "STASJON_NR" true true false 14 Text 0 0 ,First,#,\\nve\\fil\\NVEdata\\ArcSdevedlhold\\Hydro2_data\\Database\INNSYN_Hydrologi.gdb\HYDRA_FeltTotalMstaF,STASJON_NR,-1,-1;ST_NAVN "ST_NAVN" true true false 40 Text 0 0 ,First,#,\\nve\\fil\\NVEdata\\ArcSdevedlhold\\Hydro2_data\\Database\INNSYN_Hydrologi.gdb\HYDRA_FeltTotalMstaF,ST_NAVN,-1,-1;AREAL_KM2 "AREAL_KM2" true true false 8 Double 2 8 ,First,#,\\nve\\fil\\NVEdata\\ArcSdevedlhold\\Hydro2_data\\Database\INNSYN_Hydrologi.gdb\HYDRA_FeltTotalMstaF,AREAL_KM2,-1,-1;AARTILSIG "AARTILSIG" true true false 8 Double 2 8 ,First,#,\\nve\\fil\\NVEdata\\ArcSdevedlhold\\Hydro2_data\\Database\INNSYN_Hydrologi.gdb\HYDRA_FeltTotalMstaF,AARTILSIG,-1,-1;MM_AAR "MM_AAR" true true false 8 Double 2 8 ,First,#,\\nve\\fil\\NVEdata\\ArcSdevedlhold\\Hydro2_data\\Database\INNSYN_Hydrologi.gdb\HYDRA_FeltTotalMstaF,MM_AAR,-1,-1;AVR_6190 "AVR_6190" true true false 8 Double 2 8 ,First,#,\\nve\\fil\\NVEdata\\ArcSdevedlhold\\Hydro2_data\\Database\INNSYN_Hydrologi.gdb\HYDRA_FeltTotalMstaF,AVR_6190,-1,-1;MIDTILSIG "MIDTILSIG" true true false 8 Double 2 8 ,First,#,\\nve\\fil\\NVEdata\\ArcSdevedlhold\\Hydro2_data\\Database\INNSYN_Hydrologi.gdb\HYDRA_FeltTotalMstaF,MIDTILSIG,-1,-1;SHAPE.STArea() "SHAPE.STArea()" false false true 0 Double 0 0 ,First,#;SHAPE.STLength() "SHAPE.STLength()" false false true 0 Double 0 0 ,First,#" #</Process><Process ToolSource="c:\program files (x86)\arcgis\desktop10.3\ArcToolbox\Toolboxes\Data Management Tools.tbx\DeleteFeatures" Date="20170504" Time="145312">DeleteFeatures //nve\fil\\NVEdata\\Rutiner\\ArcSDE_10_2_connections\\VANN@innsynWGS_GISSQL01.sde\innsyn_wgs.VANN.HYDRA_FeltTotalMstaF</Process><Process ToolSource="c:\program files (x86)\arcgis\desktop10.3\ArcToolbox\Toolboxes\Data Management Tools.tbx\Append" Date="20170504" Time="145433">Append \\nve\\fil\\NVEdata\\ArcSdevedlhold\\Hydro2_data\\Database\INNSYN_Hydrologi.gdb\HYDRA_FeltTotalMstaF //nve\fil\\NVEdata\\Rutiner\\ArcSDE_10_2_connections\\VANN@innsynWGS_GISSQL01.sde\innsyn_wgs.VANN.HYDRA_FeltTotalMstaF NO_TEST "FELTNR "FELTNR" true true false 4 Long 0 10 ,First,#,\\nve\\fil\\NVEdata\\ArcSdevedlhold\\Hydro2_data\\Database\INNSYN_Hydrologi.gdb\HYDRA_FeltTotalMstaF,FELTNR,-1,-1;COMPOUND_K "COMPOUND_K" true true false 12 Text 0 0 ,First,#,\\nve\\fil\\NVEdata\\ArcSdevedlhold\\Hydro2_data\\Database\INNSYN_Hydrologi.gdb\HYDRA_FeltTotalMstaF,COMPOUND_K,-1,-1;STASJON_NR "STASJON_NR" true true false 14 Text 0 0 ,First,#,\\nve\\fil\\NVEdata\\ArcSdevedlhold\\Hydro2_data\\Database\INNSYN_Hydrologi.gdb\HYDRA_FeltTotalMstaF,STASJON_NR,-1,-1;ST_NAVN "ST_NAVN" true true false 40 Text 0 0 ,First,#,\\nve\\fil\\NVEdata\\ArcSdevedlhold\\Hydro2_data\\Database\INNSYN_Hydrologi.gdb\HYDRA_FeltTotalMstaF,ST_NAVN,-1,-1;AREAL_KM2 "AREAL_KM2" true true false 8 Double 2 8 ,First,#,\\nve\\fil\\NVEdata\\ArcSdevedlhold\\Hydro2_data\\Database\INNSYN_Hydrologi.gdb\HYDRA_FeltTotalMstaF,AREAL_KM2,-1,-1;AARTILSIG "AARTILSIG" true true false 8 Double 2 8 ,First,#,\\nve\\fil\\NVEdata\\ArcSdevedlhold\\Hydro2_data\\Database\INNSYN_Hydrologi.gdb\HYDRA_FeltTotalMstaF,AARTILSIG,-1,-1;MM_AAR "MM_AAR" true true false 8 Double 2 8 ,First,#,\\nve\\fil\\NVEdata\\ArcSdevedlhold\\Hydro2_data\\Database\INNSYN_Hydrologi.gdb\HYDRA_FeltTotalMstaF,MM_AAR,-1,-1;AVR_6190 "AVR_6190" true true false 8 Double 2 8 ,First,#,\\nve\\fil\\NVEdata\\ArcSdevedlhold\\Hydro2_data\\Database\INNSYN_Hydrologi.gdb\HYDRA_FeltTotalMstaF,AVR_6190,-1,-1;MIDTILSIG "MIDTILSIG" true true false 8 Double 2 8 ,First,#,\\nve\\fil\\NVEdata\\ArcSdevedlhold\\Hydro2_data\\Database\INNSYN_Hydrologi.gdb\HYDRA_FeltTotalMstaF,MIDTILSIG,-1,-1;SHAPE.STArea() "SHAPE.STArea()" false false true 0 Double 0 0 ,First,#;SHAPE.STLength() "SHAPE.STLength()" false false true 0 Double 0 0 ,First,#" #</Process><Process ToolSource="c:\program files (x86)\arcgis\desktop10.3\ArcToolbox\Toolboxes\Data Management Tools.tbx\DeleteFeatures" Date="20170511" Time="144551">DeleteFeatures //nve\fil\\NVEdata\\Rutiner\\ArcSDE_10_2_connections\\VANN@innsynWGS_GISSQL01.sde\innsyn_wgs.VANN.HYDRA_FeltTotalMstaF</Process><Process ToolSource="c:\program files (x86)\arcgis\desktop10.3\ArcToolbox\Toolboxes\Data Management Tools.tbx\Append" Date="20170511" Time="144701">Append \\nve\\fil\\NVEdata\\ArcSdevedlhold\\Hydro2_data\\Database\INNSYN_Hydrologi.gdb\HYDRA_FeltTotalMstaF //nve\fil\\NVEdata\\Rutiner\\ArcSDE_10_2_connections\\VANN@innsynWGS_GISSQL01.sde\innsyn_wgs.VANN.HYDRA_FeltTotalMstaF NO_TEST "FELTNR "FELTNR" true true false 4 Long 0 10 ,First,#,\\nve\\fil\\NVEdata\\ArcSdevedlhold\\Hydro2_data\\Database\INNSYN_Hydrologi.gdb\HYDRA_FeltTotalMstaF,FELTNR,-1,-1;COMPOUND_K "COMPOUND_K" true true false 12 Text 0 0 ,First,#,\\nve\\fil\\NVEdata\\ArcSdevedlhold\\Hydro2_data\\Database\INNSYN_Hydrologi.gdb\HYDRA_FeltTotalMstaF,COMPOUND_K,-1,-1;STASJON_NR "STASJON_NR" true true false 14 Text 0 0 ,First,#,\\nve\\fil\\NVEdata\\ArcSdevedlhold\\Hydro2_data\\Database\INNSYN_Hydrologi.gdb\HYDRA_FeltTotalMstaF,STASJON_NR,-1,-1;ST_NAVN "ST_NAVN" true true false 40 Text 0 0 ,First,#,\\nve\\fil\\NVEdata\\ArcSdevedlhold\\Hydro2_data\\Database\INNSYN_Hydrologi.gdb\HYDRA_FeltTotalMstaF,ST_NAVN,-1,-1;AREAL_KM2 "AREAL_KM2" true true false 8 Double 2 8 ,First,#,\\nve\\fil\\NVEdata\\ArcSdevedlhold\\Hydro2_data\\Database\INNSYN_Hydrologi.gdb\HYDRA_FeltTotalMstaF,AREAL_KM2,-1,-1;AARTILSIG "AARTILSIG" true true false 8 Double 2 8 ,First,#,\\nve\\fil\\NVEdata\\ArcSdevedlhold\\Hydro2_data\\Database\INNSYN_Hydrologi.gdb\HYDRA_FeltTotalMstaF,AARTILSIG,-1,-1;MM_AAR "MM_AAR" true true false 8 Double 2 8 ,First,#,\\nve\\fil\\NVEdata\\ArcSdevedlhold\\Hydro2_data\\Database\INNSYN_Hydrologi.gdb\HYDRA_FeltTotalMstaF,MM_AAR,-1,-1;AVR_6190 "AVR_6190" true true false 8 Double 2 8 ,First,#,\\nve\\fil\\NVEdata\\ArcSdevedlhold\\Hydro2_data\\Database\INNSYN_Hydrologi.gdb\HYDRA_FeltTotalMstaF,AVR_6190,-1,-1;MIDTILSIG "MIDTILSIG" true true false 8 Double 2 8 ,First,#,\\nve\\fil\\NVEdata\\ArcSdevedlhold\\Hydro2_data\\Database\INNSYN_Hydrologi.gdb\HYDRA_FeltTotalMstaF,MIDTILSIG,-1,-1;SHAPE.STArea() "SHAPE.STArea()" false false true 0 Double 0 0 ,First,#;SHAPE.STLength() "SHAPE.STLength()" false false true 0 Double 0 0 ,First,#" #</Process><Process ToolSource="c:\program files (x86)\arcgis\desktop10.3\ArcToolbox\Toolboxes\Data Management Tools.tbx\DeleteFeatures" Date="20170512" Time="101823">DeleteFeatures //nve\fil\\NVEdata\\Rutiner\\ArcSDE_10_2_connections\\VANN@innsynWGS_GISSQL01.sde\innsyn_wgs.VANN.HYDRA_FeltTotalMstaF</Process><Process ToolSource="c:\program files (x86)\arcgis\desktop10.3\ArcToolbox\Toolboxes\Data Management Tools.tbx\Append" Date="20170512" Time="101852">Append \\nve\\fil\\NVEdata\\ArcSdevedlhold\\Hydro2_data\\Database\INNSYN_Hydrologi.gdb\HYDRA_FeltTotalMstaF //nve\fil\\NVEdata\\Rutiner\\ArcSDE_10_2_connections\\VANN@innsynWGS_GISSQL01.sde\innsyn_wgs.VANN.HYDRA_FeltTotalMstaF NO_TEST "FELTNR "FELTNR" true true false 4 Long 0 10 ,First,#,\\nve\\fil\\NVEdata\\ArcSdevedlhold\\Hydro2_data\\Database\INNSYN_Hydrologi.gdb\HYDRA_FeltTotalMstaF,FELTNR,-1,-1;COMPOUND_K "COMPOUND_K" true true false 12 Text 0 0 ,First,#,\\nve\\fil\\NVEdata\\ArcSdevedlhold\\Hydro2_data\\Database\INNSYN_Hydrologi.gdb\HYDRA_FeltTotalMstaF,COMPOUND_K,-1,-1;STASJON_NR "STASJON_NR" true true false 14 Text 0 0 ,First,#,\\nve\\fil\\NVEdata\\ArcSdevedlhold\\Hydro2_data\\Database\INNSYN_Hydrologi.gdb\HYDRA_FeltTotalMstaF,STASJON_NR,-1,-1;ST_NAVN "ST_NAVN" true true false 40 Text 0 0 ,First,#,\\nve\\fil\\NVEdata\\ArcSdevedlhold\\Hydro2_data\\Database\INNSYN_Hydrologi.gdb\HYDRA_FeltTotalMstaF,ST_NAVN,-1,-1;AREAL_KM2 "AREAL_KM2" true true false 8 Double 2 8 ,First,#,\\nve\\fil\\NVEdata\\ArcSdevedlhold\\Hydro2_data\\Database\INNSYN_Hydrologi.gdb\HYDRA_FeltTotalMstaF,AREAL_KM2,-1,-1;AARTILSIG "AARTILSIG" true true false 8 Double 2 8 ,First,#,\\nve\\fil\\NVEdata\\ArcSdevedlhold\\Hydro2_data\\Database\INNSYN_Hydrologi.gdb\HYDRA_FeltTotalMstaF,AARTILSIG,-1,-1;MM_AAR "MM_AAR" true true false 8 Double 2 8 ,First,#,\\nve\\fil\\NVEdata\\ArcSdevedlhold\\Hydro2_data\\Database\INNSYN_Hydrologi.gdb\HYDRA_FeltTotalMstaF,MM_AAR,-1,-1;AVR_6190 "AVR_6190" true true false 8 Double 2 8 ,First,#,\\nve\\fil\\NVEdata\\ArcSdevedlhold\\Hydro2_data\\Database\INNSYN_Hydrologi.gdb\HYDRA_FeltTotalMstaF,AVR_6190,-1,-1;MIDTILSIG "MIDTILSIG" true true false 8 Double 2 8 ,First,#,\\nve\\fil\\NVEdata\\ArcSdevedlhold\\Hydro2_data\\Database\INNSYN_Hydrologi.gdb\HYDRA_FeltTotalMstaF,MIDTILSIG,-1,-1;SHAPE.STArea() "SHAPE.STArea()" false false true 0 Double 0 0 ,First,#;SHAPE.STLength() "SHAPE.STLength()" false false true 0 Double 0 0 ,First,#" #</Process><Process ToolSource="c:\program files (x86)\arcgis\desktop10.3\ArcToolbox\Toolboxes\Data Management Tools.tbx\DeleteFeatures" Date="20170512" Time="162246">DeleteFeatures //nve\fil\\NVEdata\\Rutiner\\ArcSDE_10_2_connections\\VANN@innsynWGS_GISSQL01.sde\innsyn_wgs.VANN.HYDRA_FeltTotalMstaF</Process><Process ToolSource="c:\program files (x86)\arcgis\desktop10.3\ArcToolbox\Toolboxes\Data Management Tools.tbx\Append" Date="20170512" Time="162315">Append \\nve\\fil\\NVEdata\\ArcSdevedlhold\\Hydro2_data\\Database\INNSYN_Hydrologi.gdb\HYDRA_FeltTotalMstaF //nve\fil\\NVEdata\\Rutiner\\ArcSDE_10_2_connections\\VANN@innsynWGS_GISSQL01.sde\innsyn_wgs.VANN.HYDRA_FeltTotalMstaF NO_TEST "FELTNR "FELTNR" true true false 4 Long 0 10 ,First,#,\\nve\\fil\\NVEdata\\ArcSdevedlhold\\Hydro2_data\\Database\INNSYN_Hydrologi.gdb\HYDRA_FeltTotalMstaF,FELTNR,-1,-1;COMPOUND_K "COMPOUND_K" true true false 12 Text 0 0 ,First,#,\\nve\\fil\\NVEdata\\ArcSdevedlhold\\Hydro2_data\\Database\INNSYN_Hydrologi.gdb\HYDRA_FeltTotalMstaF,COMPOUND_K,-1,-1;STASJON_NR "STASJON_NR" true true false 14 Text 0 0 ,First,#,\\nve\\fil\\NVEdata\\ArcSdevedlhold\\Hydro2_data\\Database\INNSYN_Hydrologi.gdb\HYDRA_FeltTotalMstaF,STASJON_NR,-1,-1;ST_NAVN "ST_NAVN" true true false 40 Text 0 0 ,First,#,\\nve\\fil\\NVEdata\\ArcSdevedlhold\\Hydro2_data\\Database\INNSYN_Hydrologi.gdb\HYDRA_FeltTotalMstaF,ST_NAVN,-1,-1;AREAL_KM2 "AREAL_KM2" true true false 8 Double 2 8 ,First,#,\\nve\\fil\\NVEdata\\ArcSdevedlhold\\Hydro2_data\\Database\INNSYN_Hydrologi.gdb\HYDRA_FeltTotalMstaF,AREAL_KM2,-1,-1;AARTILSIG "AARTILSIG" true true false 8 Double 2 8 ,First,#,\\nve\\fil\\NVEdata\\ArcSdevedlhold\\Hydro2_data\\Database\INNSYN_Hydrologi.gdb\HYDRA_FeltTotalMstaF,AARTILSIG,-1,-1;MM_AAR "MM_AAR" true true false 8 Double 2 8 ,First,#,\\nve\\fil\\NVEdata\\ArcSdevedlhold\\Hydro2_data\\Database\INNSYN_Hydrologi.gdb\HYDRA_FeltTotalMstaF,MM_AAR,-1,-1;AVR_6190 "AVR_6190" true true false 8 Double 2 8 ,First,#,\\nve\\fil\\NVEdata\\ArcSdevedlhold\\Hydro2_data\\Database\INNSYN_Hydrologi.gdb\HYDRA_FeltTotalMstaF,AVR_6190,-1,-1;MIDTILSIG "MIDTILSIG" true true false 8 Double 2 8 ,First,#,\\nve\\fil\\NVEdata\\ArcSdevedlhold\\Hydro2_data\\Database\INNSYN_Hydrologi.gdb\HYDRA_FeltTotalMstaF,MIDTILSIG,-1,-1;SHAPE.STArea() "SHAPE.STArea()" false false true 0 Double 0 0 ,First,#;SHAPE.STLength() "SHAPE.STLength()" false false true 0 Double 0 0 ,First,#" #</Process><Process ToolSource="c:\program files (x86)\arcgis\desktop10.3\ArcToolbox\Toolboxes\Data Management Tools.tbx\DeleteFeatures" Date="20170519" Time="152322">DeleteFeatures //nve\fil\\NVEdata\\Rutiner\\ArcSDE_10_2_connections\\VANN@innsynWGS_GISSQL01.sde\innsyn_wgs.VANN.HYDRA_FeltTotalMstaF</Process><Process ToolSource="c:\program files (x86)\arcgis\desktop10.3\ArcToolbox\Toolboxes\Data Management Tools.tbx\Append" Date="20170519" Time="152402">Append \\nve\\fil\\NVEdata\\ArcSdevedlhold\\Hydro2_data\\Database\INNSYN_Hydrologi.gdb\HYDRA_FeltTotalMstaF //nve\fil\\NVEdata\\Rutiner\\ArcSDE_10_2_connections\\VANN@innsynWGS_GISSQL01.sde\innsyn_wgs.VANN.HYDRA_FeltTotalMstaF NO_TEST "FELTNR "FELTNR" true true false 4 Long 0 10 ,First,#,\\nve\\fil\\NVEdata\\ArcSdevedlhold\\Hydro2_data\\Database\INNSYN_Hydrologi.gdb\HYDRA_FeltTotalMstaF,FELTNR,-1,-1;COMPOUND_K "COMPOUND_K" true true false 12 Text 0 0 ,First,#,\\nve\\fil\\NVEdata\\ArcSdevedlhold\\Hydro2_data\\Database\INNSYN_Hydrologi.gdb\HYDRA_FeltTotalMstaF,COMPOUND_K,-1,-1;STASJON_NR "STASJON_NR" true true false 14 Text 0 0 ,First,#,\\nve\\fil\\NVEdata\\ArcSdevedlhold\\Hydro2_data\\Database\INNSYN_Hydrologi.gdb\HYDRA_FeltTotalMstaF,STASJON_NR,-1,-1;ST_NAVN "ST_NAVN" true true false 40 Text 0 0 ,First,#,\\nve\\fil\\NVEdata\\ArcSdevedlhold\\Hydro2_data\\Database\INNSYN_Hydrologi.gdb\HYDRA_FeltTotalMstaF,ST_NAVN,-1,-1;AREAL_KM2 "AREAL_KM2" true true false 8 Double 2 8 ,First,#,\\nve\\fil\\NVEdata\\ArcSdevedlhold\\Hydro2_data\\Database\INNSYN_Hydrologi.gdb\HYDRA_FeltTotalMstaF,AREAL_KM2,-1,-1;AARTILSIG "AARTILSIG" true true false 8 Double 2 8 ,First,#,\\nve\\fil\\NVEdata\\ArcSdevedlhold\\Hydro2_data\\Database\INNSYN_Hydrologi.gdb\HYDRA_FeltTotalMstaF,AARTILSIG,-1,-1;MM_AAR "MM_AAR" true true false 8 Double 2 8 ,First,#,\\nve\\fil\\NVEdata\\ArcSdevedlhold\\Hydro2_data\\Database\INNSYN_Hydrologi.gdb\HYDRA_FeltTotalMstaF,MM_AAR,-1,-1;AVR_6190 "AVR_6190" true true false 8 Double 2 8 ,First,#,\\nve\\fil\\NVEdata\\ArcSdevedlhold\\Hydro2_data\\Database\INNSYN_Hydrologi.gdb\HYDRA_FeltTotalMstaF,AVR_6190,-1,-1;MIDTILSIG "MIDTILSIG" true true false 8 Double 2 8 ,First,#,\\nve\\fil\\NVEdata\\ArcSdevedlhold\\Hydro2_data\\Database\INNSYN_Hydrologi.gdb\HYDRA_FeltTotalMstaF,MIDTILSIG,-1,-1;SHAPE.STArea() "SHAPE.STArea()" false false true 0 Double 0 0 ,First,#;SHAPE.STLength() "SHAPE.STLength()" false false true 0 Double 0 0 ,First,#" #</Process><Process ToolSource="c:\program files (x86)\arcgis\desktop10.3\ArcToolbox\Toolboxes\Data Management Tools.tbx\DeleteFeatures" Date="20170523" Time="091204">DeleteFeatures //nve\fil\\NVEdata\\Rutiner\\ArcSDE_10_2_connections\\VANN@innsynWGS_GISSQL01.sde\innsyn_wgs.VANN.HYDRA_FeltTotalMstaF</Process><Process ToolSource="c:\program files (x86)\arcgis\desktop10.3\ArcToolbox\Toolboxes\Data Management Tools.tbx\Append" Date="20170523" Time="091245">Append \\nve\\fil\\NVEdata\\ArcSdevedlhold\\Hydro2_data\\Database\INNSYN_Hydrologi.gdb\HYDRA_FeltTotalMstaF //nve\fil\\NVEdata\\Rutiner\\ArcSDE_10_2_connections\\VANN@innsynWGS_GISSQL01.sde\innsyn_wgs.VANN.HYDRA_FeltTotalMstaF NO_TEST "FELTNR "FELTNR" true true false 4 Long 0 10 ,First,#,\\nve\\fil\\NVEdata\\ArcSdevedlhold\\Hydro2_data\\Database\INNSYN_Hydrologi.gdb\HYDRA_FeltTotalMstaF,FELTNR,-1,-1;COMPOUND_K "COMPOUND_K" true true false 12 Text 0 0 ,First,#,\\nve\\fil\\NVEdata\\ArcSdevedlhold\\Hydro2_data\\Database\INNSYN_Hydrologi.gdb\HYDRA_FeltTotalMstaF,COMPOUND_K,-1,-1;STASJON_NR "STASJON_NR" true true false 14 Text 0 0 ,First,#,\\nve\\fil\\NVEdata\\ArcSdevedlhold\\Hydro2_data\\Database\INNSYN_Hydrologi.gdb\HYDRA_FeltTotalMstaF,STASJON_NR,-1,-1;ST_NAVN "ST_NAVN" true true false 40 Text 0 0 ,First,#,\\nve\\fil\\NVEdata\\ArcSdevedlhold\\Hydro2_data\\Database\INNSYN_Hydrologi.gdb\HYDRA_FeltTotalMstaF,ST_NAVN,-1,-1;AREAL_KM2 "AREAL_KM2" true true false 8 Double 2 8 ,First,#,\\nve\\fil\\NVEdata\\ArcSdevedlhold\\Hydro2_data\\Database\INNSYN_Hydrologi.gdb\HYDRA_FeltTotalMstaF,AREAL_KM2,-1,-1;AARTILSIG "AARTILSIG" true true false 8 Double 2 8 ,First,#,\\nve\\fil\\NVEdata\\ArcSdevedlhold\\Hydro2_data\\Database\INNSYN_Hydrologi.gdb\HYDRA_FeltTotalMstaF,AARTILSIG,-1,-1;MM_AAR "MM_AAR" true true false 8 Double 2 8 ,First,#,\\nve\\fil\\NVEdata\\ArcSdevedlhold\\Hydro2_data\\Database\INNSYN_Hydrologi.gdb\HYDRA_FeltTotalMstaF,MM_AAR,-1,-1;AVR_6190 "AVR_6190" true true false 8 Double 2 8 ,First,#,\\nve\\fil\\NVEdata\\ArcSdevedlhold\\Hydro2_data\\Database\INNSYN_Hydrologi.gdb\HYDRA_FeltTotalMstaF,AVR_6190,-1,-1;MIDTILSIG "MIDTILSIG" true true false 8 Double 2 8 ,First,#,\\nve\\fil\\NVEdata\\ArcSdevedlhold\\Hydro2_data\\Database\INNSYN_Hydrologi.gdb\HYDRA_FeltTotalMstaF,MIDTILSIG,-1,-1;SHAPE.STArea() "SHAPE.STArea()" false false true 0 Double 0 0 ,First,#;SHAPE.STLength() "SHAPE.STLength()" false false true 0 Double 0 0 ,First,#" #</Process><Process ToolSource="c:\program files (x86)\arcgis\desktop10.3\ArcToolbox\Toolboxes\Data Management Tools.tbx\DeleteFeatures" Date="20170523" Time="141954">DeleteFeatures //nve\fil\\NVEdata\\Rutiner\\ArcSDE_10_2_connections\\VANN@innsynWGS_GISSQL01.sde\innsyn_wgs.VANN.HYDRA_FeltTotalMstaF</Process><Process ToolSource="c:\program files (x86)\arcgis\desktop10.3\ArcToolbox\Toolboxes\Data Management Tools.tbx\Append" Date="20170523" Time="142031">Append \\nve\\fil\\NVEdata\\ArcSdevedlhold\\Hydro2_data\\Database\INNSYN_Hydrologi.gdb\HYDRA_FeltTotalMstaF //nve\fil\\NVEdata\\Rutiner\\ArcSDE_10_2_connections\\VANN@innsynWGS_GISSQL01.sde\innsyn_wgs.VANN.HYDRA_FeltTotalMstaF NO_TEST "FELTNR "FELTNR" true true false 4 Long 0 10 ,First,#,\\nve\\fil\\NVEdata\\ArcSdevedlhold\\Hydro2_data\\Database\INNSYN_Hydrologi.gdb\HYDRA_FeltTotalMstaF,FELTNR,-1,-1;COMPOUND_K "COMPOUND_K" true true false 12 Text 0 0 ,First,#,\\nve\\fil\\NVEdata\\ArcSdevedlhold\\Hydro2_data\\Database\INNSYN_Hydrologi.gdb\HYDRA_FeltTotalMstaF,COMPOUND_K,-1,-1;STASJON_NR "STASJON_NR" true true false 14 Text 0 0 ,First,#,\\nve\\fil\\NVEdata\\ArcSdevedlhold\\Hydro2_data\\Database\INNSYN_Hydrologi.gdb\HYDRA_FeltTotalMstaF,STASJON_NR,-1,-1;ST_NAVN "ST_NAVN" true true false 40 Text 0 0 ,First,#,\\nve\\fil\\NVEdata\\ArcSdevedlhold\\Hydro2_data\\Database\INNSYN_Hydrologi.gdb\HYDRA_FeltTotalMstaF,ST_NAVN,-1,-1;AREAL_KM2 "AREAL_KM2" true true false 8 Double 2 8 ,First,#,\\nve\\fil\\NVEdata\\ArcSdevedlhold\\Hydro2_data\\Database\INNSYN_Hydrologi.gdb\HYDRA_FeltTotalMstaF,AREAL_KM2,-1,-1;AARTILSIG "AARTILSIG" true true false 8 Double 2 8 ,First,#,\\nve\\fil\\NVEdata\\ArcSdevedlhold\\Hydro2_data\\Database\INNSYN_Hydrologi.gdb\HYDRA_FeltTotalMstaF,AARTILSIG,-1,-1;MM_AAR "MM_AAR" true true false 8 Double 2 8 ,First,#,\\nve\\fil\\NVEdata\\ArcSdevedlhold\\Hydro2_data\\Database\INNSYN_Hydrologi.gdb\HYDRA_FeltTotalMstaF,MM_AAR,-1,-1;AVR_6190 "AVR_6190" true true false 8 Double 2 8 ,First,#,\\nve\\fil\\NVEdata\\ArcSdevedlhold\\Hydro2_data\\Database\INNSYN_Hydrologi.gdb\HYDRA_FeltTotalMstaF,AVR_6190,-1,-1;MIDTILSIG "MIDTILSIG" true true false 8 Double 2 8 ,First,#,\\nve\\fil\\NVEdata\\ArcSdevedlhold\\Hydro2_data\\Database\INNSYN_Hydrologi.gdb\HYDRA_FeltTotalMstaF,MIDTILSIG,-1,-1;SHAPE.STArea() "SHAPE.STArea()" false false true 0 Double 0 0 ,First,#;SHAPE.STLength() "SHAPE.STLength()" false false true 0 Double 0 0 ,First,#" #</Process><Process ToolSource="c:\program files (x86)\arcgis\desktop10.3\ArcToolbox\Toolboxes\Data Management Tools.tbx\DeleteFeatures" Date="20170524" Time="194152">DeleteFeatures //nve\fil\\NVEdata\\Rutiner\\ArcSDE_10_2_connections\\VANN@innsynWGS_GISSQL01.sde\innsyn_wgs.VANN.HYDRA_FeltTotalMstaF</Process><Process ToolSource="c:\program files (x86)\arcgis\desktop10.3\ArcToolbox\Toolboxes\Data Management Tools.tbx\Append" Date="20170524" Time="194236">Append \\nve\\fil\\NVEdata\\ArcSdevedlhold\\Hydro2_data\\Database\INNSYN_Hydrologi.gdb\HYDRA_FeltTotalMstaF //nve\fil\\NVEdata\\Rutiner\\ArcSDE_10_2_connections\\VANN@innsynWGS_GISSQL01.sde\innsyn_wgs.VANN.HYDRA_FeltTotalMstaF NO_TEST "FELTNR "FELTNR" true true false 4 Long 0 10 ,First,#,\\nve\\fil\\NVEdata\\ArcSdevedlhold\\Hydro2_data\\Database\INNSYN_Hydrologi.gdb\HYDRA_FeltTotalMstaF,FELTNR,-1,-1;COMPOUND_K "COMPOUND_K" true true false 12 Text 0 0 ,First,#,\\nve\\fil\\NVEdata\\ArcSdevedlhold\\Hydro2_data\\Database\INNSYN_Hydrologi.gdb\HYDRA_FeltTotalMstaF,COMPOUND_K,-1,-1;STASJON_NR "STASJON_NR" true true false 14 Text 0 0 ,First,#,\\nve\\fil\\NVEdata\\ArcSdevedlhold\\Hydro2_data\\Database\INNSYN_Hydrologi.gdb\HYDRA_FeltTotalMstaF,STASJON_NR,-1,-1;ST_NAVN "ST_NAVN" true true false 40 Text 0 0 ,First,#,\\nve\\fil\\NVEdata\\ArcSdevedlhold\\Hydro2_data\\Database\INNSYN_Hydrologi.gdb\HYDRA_FeltTotalMstaF,ST_NAVN,-1,-1;AREAL_KM2 "AREAL_KM2" true true false 8 Double 2 8 ,First,#,\\nve\\fil\\NVEdata\\ArcSdevedlhold\\Hydro2_data\\Database\INNSYN_Hydrologi.gdb\HYDRA_FeltTotalMstaF,AREAL_KM2,-1,-1;AARTILSIG "AARTILSIG" true true false 8 Double 2 8 ,First,#,\\nve\\fil\\NVEdata\\ArcSdevedlhold\\Hydro2_data\\Database\INNSYN_Hydrologi.gdb\HYDRA_FeltTotalMstaF,AARTILSIG,-1,-1;MM_AAR "MM_AAR" true true false 8 Double 2 8 ,First,#,\\nve\\fil\\NVEdata\\ArcSdevedlhold\\Hydro2_data\\Database\INNSYN_Hydrologi.gdb\HYDRA_FeltTotalMstaF,MM_AAR,-1,-1;AVR_6190 "AVR_6190" true true false 8 Double 2 8 ,First,#,\\nve\\fil\\NVEdata\\ArcSdevedlhold\\Hydro2_data\\Database\INNSYN_Hydrologi.gdb\HYDRA_FeltTotalMstaF,AVR_6190,-1,-1;MIDTILSIG "MIDTILSIG" true true false 8 Double 2 8 ,First,#,\\nve\\fil\\NVEdata\\ArcSdevedlhold\\Hydro2_data\\Database\INNSYN_Hydrologi.gdb\HYDRA_FeltTotalMstaF,MIDTILSIG,-1,-1;SHAPE.STArea() "SHAPE.STArea()" false false true 0 Double 0 0 ,First,#;SHAPE.STLength() "SHAPE.STLength()" false false true 0 Double 0 0 ,First,#" #</Process><Process ToolSource="c:\program files (x86)\arcgis\desktop10.3\ArcToolbox\Toolboxes\Data Management Tools.tbx\DeleteFeatures" Date="20170815" Time="173246">DeleteFeatures //nve\fil\\NVEdata\\Rutiner\\ArcSDE_10_2_connections\\VANN@innsynWGS_GISSQL01.sde\innsyn_wgs.VANN.HYDRA_FeltTotalMstaF</Process><Process ToolSource="c:\program files (x86)\arcgis\desktop10.3\ArcToolbox\Toolboxes\Data Management Tools.tbx\Append" Date="20170815" Time="173314">Append \\nve\\fil\\NVEdata\\ArcSdevedlhold\\Hydro2_data\\Database\INNSYN_Hydrologi.gdb\HYDRA_FeltTotalMstaF //nve\fil\\NVEdata\\Rutiner\\ArcSDE_10_2_connections\\VANN@innsynWGS_GISSQL01.sde\innsyn_wgs.VANN.HYDRA_FeltTotalMstaF NO_TEST "FELTNR "FELTNR" true true false 4 Long 0 10 ,First,#,\\nve\\fil\\NVEdata\\ArcSdevedlhold\\Hydro2_data\\Database\INNSYN_Hydrologi.gdb\HYDRA_FeltTotalMstaF,FELTNR,-1,-1;COMPOUND_K "COMPOUND_K" true true false 12 Text 0 0 ,First,#,\\nve\\fil\\NVEdata\\ArcSdevedlhold\\Hydro2_data\\Database\INNSYN_Hydrologi.gdb\HYDRA_FeltTotalMstaF,COMPOUND_K,-1,-1;STASJON_NR "STASJON_NR" true true false 14 Text 0 0 ,First,#,\\nve\\fil\\NVEdata\\ArcSdevedlhold\\Hydro2_data\\Database\INNSYN_Hydrologi.gdb\HYDRA_FeltTotalMstaF,STASJON_NR,-1,-1;ST_NAVN "ST_NAVN" true true false 40 Text 0 0 ,First,#,\\nve\\fil\\NVEdata\\ArcSdevedlhold\\Hydro2_data\\Database\INNSYN_Hydrologi.gdb\HYDRA_FeltTotalMstaF,ST_NAVN,-1,-1;AREAL_KM2 "AREAL_KM2" true true false 8 Double 2 8 ,First,#,\\nve\\fil\\NVEdata\\ArcSdevedlhold\\Hydro2_data\\Database\INNSYN_Hydrologi.gdb\HYDRA_FeltTotalMstaF,AREAL_KM2,-1,-1;AARTILSIG "AARTILSIG" true true false 8 Double 2 8 ,First,#,\\nve\\fil\\NVEdata\\ArcSdevedlhold\\Hydro2_data\\Database\INNSYN_Hydrologi.gdb\HYDRA_FeltTotalMstaF,AARTILSIG,-1,-1;MM_AAR "MM_AAR" true true false 8 Double 2 8 ,First,#,\\nve\\fil\\NVEdata\\ArcSdevedlhold\\Hydro2_data\\Database\INNSYN_Hydrologi.gdb\HYDRA_FeltTotalMstaF,MM_AAR,-1,-1;AVR_6190 "AVR_6190" true true false 8 Double 2 8 ,First,#,\\nve\\fil\\NVEdata\\ArcSdevedlhold\\Hydro2_data\\Database\INNSYN_Hydrologi.gdb\HYDRA_FeltTotalMstaF,AVR_6190,-1,-1;MIDTILSIG "MIDTILSIG" true true false 8 Double 2 8 ,First,#,\\nve\\fil\\NVEdata\\ArcSdevedlhold\\Hydro2_data\\Database\INNSYN_Hydrologi.gdb\HYDRA_FeltTotalMstaF,MIDTILSIG,-1,-1;SHAPE.STArea() "SHAPE.STArea()" false false true 0 Double 0 0 ,First,#;SHAPE.STLength() "SHAPE.STLength()" false false true 0 Double 0 0 ,First,#" #</Process><Process ToolSource="c:\program files (x86)\arcgis\desktop10.3\ArcToolbox\Toolboxes\Data Management Tools.tbx\DeleteFeatures" Date="20170823" Time="143243">DeleteFeatures //nve\fil\\NVEdata\\Rutiner\\ArcSDE_10_2_connections\\VANN@innsynWGS_GISSQL01.sde\innsyn_wgs.VANN.HYDRA_FeltTotalMstaF</Process><Process ToolSource="c:\program files (x86)\arcgis\desktop10.3\ArcToolbox\Toolboxes\Data Management Tools.tbx\Append" Date="20170823" Time="143310">Append \\nve\\fil\\NVEdata\\ArcSdevedlhold\\Hydro2_data\\Database\INNSYN_Hydrologi.gdb\HYDRA_FeltTotalMstaF //nve\fil\\NVEdata\\Rutiner\\ArcSDE_10_2_connections\\VANN@innsynWGS_GISSQL01.sde\innsyn_wgs.VANN.HYDRA_FeltTotalMstaF NO_TEST "FELTNR "FELTNR" true true false 4 Long 0 10 ,First,#,\\nve\\fil\\NVEdata\\ArcSdevedlhold\\Hydro2_data\\Database\INNSYN_Hydrologi.gdb\HYDRA_FeltTotalMstaF,FELTNR,-1,-1;COMPOUND_K "COMPOUND_K" true true false 12 Text 0 0 ,First,#,\\nve\\fil\\NVEdata\\ArcSdevedlhold\\Hydro2_data\\Database\INNSYN_Hydrologi.gdb\HYDRA_FeltTotalMstaF,COMPOUND_K,-1,-1;STASJON_NR "STASJON_NR" true true false 14 Text 0 0 ,First,#,\\nve\\fil\\NVEdata\\ArcSdevedlhold\\Hydro2_data\\Database\INNSYN_Hydrologi.gdb\HYDRA_FeltTotalMstaF,STASJON_NR,-1,-1;ST_NAVN "ST_NAVN" true true false 40 Text 0 0 ,First,#,\\nve\\fil\\NVEdata\\ArcSdevedlhold\\Hydro2_data\\Database\INNSYN_Hydrologi.gdb\HYDRA_FeltTotalMstaF,ST_NAVN,-1,-1;AREAL_KM2 "AREAL_KM2" true true false 8 Double 2 8 ,First,#,\\nve\\fil\\NVEdata\\ArcSdevedlhold\\Hydro2_data\\Database\INNSYN_Hydrologi.gdb\HYDRA_FeltTotalMstaF,AREAL_KM2,-1,-1;AARTILSIG "AARTILSIG" true true false 8 Double 2 8 ,First,#,\\nve\\fil\\NVEdata\\ArcSdevedlhold\\Hydro2_data\\Database\INNSYN_Hydrologi.gdb\HYDRA_FeltTotalMstaF,AARTILSIG,-1,-1;MM_AAR "MM_AAR" true true false 8 Double 2 8 ,First,#,\\nve\\fil\\NVEdata\\ArcSdevedlhold\\Hydro2_data\\Database\INNSYN_Hydrologi.gdb\HYDRA_FeltTotalMstaF,MM_AAR,-1,-1;AVR_6190 "AVR_6190" true true false 8 Double 2 8 ,First,#,\\nve\\fil\\NVEdata\\ArcSdevedlhold\\Hydro2_data\\Database\INNSYN_Hydrologi.gdb\HYDRA_FeltTotalMstaF,AVR_6190,-1,-1;MIDTILSIG "MIDTILSIG" true true false 8 Double 2 8 ,First,#,\\nve\\fil\\NVEdata\\ArcSdevedlhold\\Hydro2_data\\Database\INNSYN_Hydrologi.gdb\HYDRA_FeltTotalMstaF,MIDTILSIG,-1,-1;SHAPE.STArea() "SHAPE.STArea()" false false true 0 Double 0 0 ,First,#;SHAPE.STLength() "SHAPE.STLength()" false false true 0 Double 0 0 ,First,#" #</Process></lineage><itemProps><itemName Sync="TRUE">VANN.Felttot</itemName><imsContentType Sync="TRUE">002</imsContentType><itemLocation><linkage Sync="TRUE">Server=gissql01; Service=sde:sqlserver:gissql01; Database=innsyn_wgs; User=vann; Version=sde.DEFAULT</linkage><protocol Sync="TRUE">ArcSDE Connection</protocol></itemLocation></itemProps><coordRef><type Sync="TRUE">Projected</type><geogcsn Sync="TRUE">GCS_WGS_1984</geogcsn><csUnits Sync="TRUE">Linear Unit: Meter (1.000000)</csUnits><projcsn Sync="TRUE">WGS_1984_UTM_Zone_33N</projcsn><peXml Sync="TRUE">&lt;ProjectedCoordinateSystem xsi:type='typens:ProjectedCoordinateSystem' xmlns:xsi='http://www.w3.org/2001/XMLSchema-instance' xmlns:xs='http://www.w3.org/2001/XMLSchema' xmlns:typens='http://www.esri.com/schemas/ArcGIS/10.0'&gt;&lt;WKT&gt;PROJCS[&amp;quot;WGS_1984_UTM_Zone_33N&amp;quot;,GEOGCS[&amp;quot;GCS_WGS_1984&amp;quot;,DATUM[&amp;quot;D_WGS_1984&amp;quot;,SPHEROID[&amp;quot;WGS_1984&amp;quot;,6378137.0,298.257223563]],PRIMEM[&amp;quot;Greenwich&amp;quot;,0.0],UNIT[&amp;quot;Degree&amp;quot;,0.0174532925199433]],PROJECTION[&amp;quot;Transverse_Mercator&amp;quot;],PARAMETER[&amp;quot;False_Easting&amp;quot;,500000.0],PARAMETER[&amp;quot;False_Northing&amp;quot;,0.0],PARAMETER[&amp;quot;Central_Meridian&amp;quot;,15.0],PARAMETER[&amp;quot;Scale_Factor&amp;quot;,0.9996],PARAMETER[&amp;quot;Latitude_Of_Origin&amp;quot;,0.0],UNIT[&amp;quot;Meter&amp;quot;,1.0],AUTHORITY[&amp;quot;EPSG&amp;quot;,32633]]&lt;/WKT&gt;&lt;XOrigin&gt;-100000&lt;/XOrigin&gt;&lt;YOrigin&gt;6000000&lt;/YOrigin&gt;&lt;XYScale&gt;100&lt;/XYScale&gt;&lt;ZOrigin&gt;0&lt;/ZOrigin&gt;&lt;ZScale&gt;1&lt;/ZScale&gt;&lt;MOrigin&gt;0&lt;/MOrigin&gt;&lt;MScale&gt;1&lt;/MScale&gt;&lt;XYTolerance&gt;0.02&lt;/XYTolerance&gt;&lt;ZTolerance&gt;2&lt;/ZTolerance&gt;&lt;MTolerance&gt;2&lt;/MTolerance&gt;&lt;HighPrecision&gt;false&lt;/HighPrecision&gt;&lt;WKID&gt;32633&lt;/WKID&gt;&lt;/ProjectedCoordinateSystem&gt;</peXml></coordRef></DataProperties><SyncDate>20120717</SyncDate><SyncTime>14201300</SyncTime><ModDate>20120717</ModDate><ModTime>14201300</ModTime></Esri><dataIdInfo><envirDesc Sync="TRUE">Microsoft Windows XP Version 5.1 (Build 2600) Service Pack 3; ESRI ArcGIS 10.0.5.4400</envirDesc><dataLang><languageCode value="nb" Sync="TRUE"/><countryCode value="NO" Sync="TRUE"/></dataLang><idCitation><resTitle Sync="TRUE">VANN.Felttot</resTitle><presForm><PresFormCd value="005" Sync="TRUE"/></presForm></idCitation><spatRpType><SpatRepTypCd value="001" Sync="TRUE"/></spatRpType></dataIdInfo><mdLang><languageCode value="nb" Sync="TRUE"/><countryCode value="NO" Sync="TRUE"/></mdLang><mdChar><CharSetCd value="004" Sync="TRUE"/></mdChar><distInfo><distFormat><formatName Sync="TRUE">SDE Feature Class</formatName></distFormat></distInfo><mdHrLv><ScopeCd value="005" Sync="TRUE"/></mdHrLv><mdHrLvName Sync="TRUE">dataset</mdHrLvName><refSysInfo><RefSystem><refSysID><identCode code="32633" Sync="TRUE"/><idCodeSpace Sync="TRUE">EPSG</idCodeSpace><idVersion Sync="TRUE">7.4.1</idVersion></refSysID></RefSystem></refSysInfo><spatRepInfo><VectSpatRep><geometObjs Name="VANN.Felttot"><geoObjTyp><GeoObjTypCd value="002" Sync="TRUE"/></geoObjTyp><geoObjCnt Sync="TRUE">0</geoObjCnt></geometObjs><topLvl><TopoLevCd value="001" Sync="TRUE"/></topLvl></VectSpatRep></spatRepInfo><spdoinfo><ptvctinf><esriterm><efeatyp Sync="TRUE">Simple</efeatyp><efeageom code="4" Sync="TRUE"/><esritopo Sync="TRUE">FALSE</esritopo><efeacnt Sync="TRUE">0</efeacnt><spindex Sync="TRUE">FALSE</spindex><linrefer Sync="TRUE">FALSE</linrefer></esriterm></ptvctinf></spdoinfo><eainfo><detailed Name="VANN.Felttot"><enttyp><enttypl Sync="TRUE">VANN.Felttot</enttypl><enttypt Sync="TRUE">Feature Class</enttypt><enttypc Sync="TRUE">0</enttypc></enttyp><attr><attrlabl Sync="TRUE">OBJECTID</attrlabl><attalias Sync="TRUE">OBJECTID</attalias><attrtype Sync="TRUE">OID</attrtype><attwidth Sync="TRUE">4</attwidth><atprecis Sync="TRUE">10</atprecis><attscale Sync="TRUE">0</attscale><attrdef Sync="TRUE">Internal feature number.</attrdef><attrdefs Sync="TRUE">ESRI</attrdefs><attrdomv><udom Sync="TRUE">Sequential unique whole numbers that are automatically generated.</udom></attrdomv></attr><attr><attrlabl Sync="TRUE">FELTNR</attrlabl><attalias Sync="TRUE">FELTNR</attalias><attrtype Sync="TRUE">Integer</attrtype><attwidth Sync="TRUE">4</attwidth><atprecis Sync="TRUE">10</atprecis><attscale Sync="TRUE">0</attscale></attr><attr><attrlabl Sync="TRUE">COMPOUND_K</attrlabl><attalias Sync="TRUE">COMPOUND_K</attalias><attrtype Sync="TRUE">String</attrtype><attwidth Sync="TRUE">12</attwidth><atprecis Sync="TRUE">0</atprecis><attscale Sync="TRUE">0</attscale></attr><attr><attrlabl Sync="TRUE">STASJON_NR</attrlabl><attalias Sync="TRUE">STASJON_NR</attalias><attrtype Sync="TRUE">String</attrtype><attwidth Sync="TRUE">12</attwidth><atprecis Sync="TRUE">0</atprecis><attscale Sync="TRUE">0</attscale></attr><attr><attrlabl Sync="TRUE">ST_NAVN</attrlabl><attalias Sync="TRUE">ST_NAVN</attalias><attrtype Sync="TRUE">String</attrtype><attwidth Sync="TRUE">40</attwidth><atprecis Sync="TRUE">0</atprecis><attscale Sync="TRUE">0</attscale></attr><attr><attrlabl Sync="TRUE">AREAL_KM2</attrlabl><attalias Sync="TRUE">AREAL_KM2</attalias><attrtype Sync="TRUE">Double</attrtype><attwidth Sync="TRUE">8</attwidth><atprecis Sync="TRUE">8</atprecis><attscale Sync="TRUE">2</attscale></attr><attr><attrlabl Sync="TRUE">AARTILSIG</attrlabl><attalias Sync="TRUE">AARTILSIG</attalias><attrtype Sync="TRUE">Double</attrtype><attwidth Sync="TRUE">8</attwidth><atprecis Sync="TRUE">8</atprecis><attscale Sync="TRUE">2</attscale></attr><attr><attrlabl Sync="TRUE">MM_AAR</attrlabl><attalias Sync="TRUE">MM_AAR</attalias><attrtype Sync="TRUE">Double</attrtype><attwidth Sync="TRUE">8</attwidth><atprecis Sync="TRUE">8</atprecis><attscale Sync="TRUE">2</attscale></attr><attr><attrlabl Sync="TRUE">AVR_6190</attrlabl><attalias Sync="TRUE">AVR_6190</attalias><attrtype Sync="TRUE">Double</attrtype><attwidth Sync="TRUE">8</attwidth><atprecis Sync="TRUE">8</atprecis><attscale Sync="TRUE">2</attscale></attr><attr><attrlabl Sync="TRUE">MIDTILSIG</attrlabl><attalias Sync="TRUE">MIDTILSIG</attalias><attrtype Sync="TRUE">Double</attrtype><attwidth Sync="TRUE">8</attwidth><atprecis Sync="TRUE">8</atprecis><attscale Sync="TRUE">2</attscale></attr><attr><attrlabl Sync="TRUE">SHAPE</attrlabl><attalias Sync="TRUE">Shape</attalias><attrtype Sync="TRUE">Geometry</attrtype><attwidth Sync="TRUE">4</attwidth><atprecis Sync="TRUE">0</atprecis><attscale Sync="TRUE">0</attscale><attrdef Sync="TRUE">Feature geometry.</attrdef><attrdefs Sync="TRUE">ESRI</attrdefs><attrdomv><udom Sync="TRUE">Coordinates defining the features.</udom></attrdomv></attr><attr><attrlabl Sync="TRUE">SHAPE.AREA</attrlabl><attalias Sync="TRUE">SHAPE.AREA</attalias><attrtype Sync="TRUE">Double</attrtype><attwidth Sync="TRUE">0</attwidth><atprecis Sync="TRUE">0</atprecis><attscale Sync="TRUE">0</attscale></attr><attr><attrlabl Sync="TRUE">SHAPE.LEN</attrlabl><attalias Sync="TRUE">SHAPE.LEN</attalias><attrtype Sync="TRUE">Double</attrtype><attwidth Sync="TRUE">0</attwidth><atprecis Sync="TRUE">0</atprecis><attscale Sync="TRUE">0</attscale></attr></detailed></eainfo><mdDateSt Sync="TRUE">20120717</mdDateSt></metadata>
